Date,Mysore,Kodagu,Mandya,Hassan
01-Jan-11,0.02,0.22,0,0.01
02-Jan-11,0,0,0,0
03-Jan-11,0,0,0,0
04-Jan-11,0,0,0,0
05-Jan-11,0,0,0,0
06-Jan-11,0,0,0,0
07-Jan-11,0,0,0,0
08-Jan-11,0,0,0,0
09-Jan-11,0,0,0,0
10-Jan-11,0,0,0,0
11-Jan-11,0,0,0,0
12-Jan-11,0,0,0,0
13-Jan-11,0,0,0,0
14-Jan-11,0,0,0,0
15-Jan-11,0,0,0,0
16-Jan-11,0,0,0,0
17-Jan-11,0,0,0,0
18-Jan-11,0,0,0,0
19-Jan-11,0,0,0,0
20-Jan-11,0,0,0,0
21-Jan-11,0,0,0,0
22-Jan-11,0,0,0,0
23-Jan-11,0,0,0,0
24-Jan-11,0,0,0,0
25-Jan-11,0,0,0,0
26-Jan-11,0,0,0,0
27-Jan-11,0,0,0,0
28-Jan-11,0,0,0,0
29-Jan-11,0,0,0,0
30-Jan-11,0,0,0,0
31-Jan-11,0,0,0,0
01-Feb-11,0,0,0,0
02-Feb-11,0,0,0,0
03-Feb-11,0,0,0,0
04-Feb-11,0,0,0,0
05-Feb-11,0,0,0,0
06-Feb-11,0,0,0,0
07-Feb-11,0,0,0,0
08-Feb-11,0,0,0,0
09-Feb-11,0,0,0,0
10-Feb-11,0,0,0,0
11-Feb-11,0,0,0,0
12-Feb-11,0,0,0,0
13-Feb-11,0,0,0,0
14-Feb-11,0,0,0,0
15-Feb-11,0,0,0,0
16-Feb-11,0,0,0,0
17-Feb-11,0,0,0,0
18-Feb-11,0,0,0,0
19-Feb-11,0,0,0,0
20-Feb-11,0,0,0,0
21-Feb-11,0.4,0.32,2.92,1.73
22-Feb-11,0,0,0,0
23-Feb-11,0,0,0,0
24-Feb-11,2.44,0.33,1.09,0.08
25-Feb-11,0.81,7.93,0,1.02
26-Feb-11,0.06,0,2.7,0
27-Feb-11,1.16,0.21,0.47,0.06
28-Feb-11,0,0,0,0
01-Mar-11,0,0,0,0
02-Mar-11,0,0,0,0
03-Mar-11,0,0,0,0
04-Mar-11,0,0,0,0
05-Mar-11,0,0,0,0
06-Mar-11,0,0,0,0
07-Mar-11,0,0,0,0
08-Mar-11,0,0,0,0
09-Mar-11,0,0,0,0
10-Mar-11,0,0,0,0
11-Mar-11,0,0,0,0
12-Mar-11,0,0,0,0
13-Mar-11,0,0,0,0
14-Mar-11,0,0,0,0
15-Mar-11,0,0,0,0
16-Mar-11,0,0,0,0
17-Mar-11,0,0,0,0
18-Mar-11,0,0,0,0
19-Mar-11,0,0,0,0
20-Mar-11,0,0,0,0
21-Mar-11,0.02,0.02,0,0
22-Mar-11,0,0,0,0
23-Mar-11,0,0,0,0
24-Mar-11,0.35,1.02,0.63,0.42
25-Mar-11,0,0.14,0,0.93
26-Mar-11,24.84,3.09,22.84,2.16
27-Mar-11,0.64,0.21,1.58,1.1
28-Mar-11,0.45,4.51,0,0.43
29-Mar-11,0,0,0,0
30-Mar-11,0,0,0,0
31-Mar-11,0,0,0,0
01-Apr-11,0,0,0,0
02-Apr-11,0.02,0,0.62,0
03-Apr-11,11.06,1.4,2.33,0
04-Apr-11,0,0,0,0
05-Apr-11,0,0,0,0
06-Apr-11,0.09,0,0.07,0
07-Apr-11,0,0,0,0
08-Apr-11,0,0,0,0
09-Apr-11,0,0,0,0
10-Apr-11,0.45,1.1,0.28,5.85
11-Apr-11,1.09,6.34,0.35,8.17
12-Apr-11,0.16,1.63,0,0.15
13-Apr-11,0,0,0,0
14-Apr-11,5.09,2.39,1.01,0.17
15-Apr-11,1.08,8.59,0.03,1.63
16-Apr-11,1.97,1.17,1.56,4.55
17-Apr-11,0.58,2.44,0.82,8.03
18-Apr-11,0,0.43,0,2.67
19-Apr-11,6.97,3.21,5.69,0.68
20-Apr-11,5.7,8.3,5.95,9.47
21-Apr-11,15.67,8.39,27.48,4.08
22-Apr-11,51.04,16.94,41.35,27.47
23-Apr-11,13.89,11.26,29.38,6.75
24-Apr-11,17.28,11.08,15.47,2.29
25-Apr-11,2.39,0.65,1.24,0.21
26-Apr-11,12.15,12.64,12.36,2.64
27-Apr-11,0,0,0,0
28-Apr-11,0,0.04,0,0
29-Apr-11,13.32,1.59,24.66,2.62
30-Apr-11,0,0,0,0
01-May-11,10.19,3.36,6.13,0.81
02-May-11,0,0.08,0.68,2.27
03-May-11,0.04,0,2.27,0
04-May-11,6.06,0.9,2.86,0.27
05-May-11,0,0,0,0
06-May-11,0,0,0,0
07-May-11,0,0,0,0
08-May-11,0,0,0,0
09-May-11,0,0,0,0
10-May-11,0,0,0,0
11-May-11,0,0,0.06,0
12-May-11,0.43,2.54,0.14,3.27
13-May-11,0,0,0.62,0
14-May-11,0.13,1.4,2.86,4.25
15-May-11,11.77,3.05,6.77,3.35
16-May-11,0.6,3.32,1.17,17.77
17-May-11,0,0,0.07,0.25
18-May-11,4.79,33.4,3.77,29.05
19-May-11,3.86,0.96,1.46,2.95
20-May-11,13.83,3.04,7.84,4.26
21-May-11,0,0,0,0
22-May-11,0.03,0.03,0.09,0
23-May-11,0,0,0,0
24-May-11,1.21,3.39,0.75,17.5
25-May-11,23.71,3.33,19.22,1.67
26-May-11,4.61,3.16,6.76,8.95
27-May-11,2.6,6.29,3.63,3.06
28-May-11,0.17,0.81,0.1,1.12
29-May-11,0.56,2.13,0,0.29
30-May-11,0.04,0.22,0,0.11
31-May-11,12.72,5.25,16.44,9.27
01-Jun-11,0.31,1.26,0,0
02-Jun-11,15.42,11.86,9.91,7.04
03-Jun-11,4.36,26,1.73,10.49
04-Jun-11,4.94,25.02,1.26,4.18
05-Jun-11,3.02,21.64,0.92,4.85
06-Jun-11,2.96,19.51,2.54,2.66
07-Jun-11,1.99,13.53,2.49,2.21
08-Jun-11,1.7,13.33,0.33,2.6
09-Jun-11,1.62,6.19,1.24,1.4
10-Jun-11,3.58,11.9,1.58,4.99
11-Jun-11,1.13,5.78,0.5,4.43
12-Jun-11,4.29,22.6,3.82,7.35
13-Jun-11,1.91,12.11,1.12,4.56
14-Jun-11,2.7,17.34,0.69,1.99
15-Jun-11,4.23,18.63,2.42,8.01
16-Jun-11,1.43,11.34,0.26,6.52
17-Jun-11,6.48,24.98,2.56,5.66
18-Jun-11,8.4,65.99,0.68,9.33
19-Jun-11,1.64,15.56,0.06,1.48
20-Jun-11,0.21,1.73,0,0.16
21-Jun-11,0.12,1.15,0,0.05
22-Jun-11,0,0.32,0,0.02
23-Jun-11,3.49,34.27,0,3.8
24-Jun-11,2.28,21,0.36,2.3
25-Jun-11,3.76,33.27,0.59,3.6
26-Jun-11,7.38,49.91,4.59,7.27
27-Jun-11,7.55,59.26,0.32,9.79
28-Jun-11,5.26,46.46,0.4,5.32
29-Jun-11,0.75,8.19,0,0.69
30-Jun-11,0.25,2.71,0,0.24
01-Jul-11,0.19,2.34,0.42,0.2
02-Jul-11,9.11,30.31,4.24,48.27
03-Jul-11,0.36,2.84,1.14,0.6
04-Jul-11,0.55,4.18,0.09,0.31
05-Jul-11,2.26,15.63,1.61,3.1
06-Jul-11,1.55,14.02,0.1,1.3
07-Jul-11,6.03,27.41,3.15,5.68
08-Jul-11,1.09,8.75,0,0.75
09-Jul-11,0.97,8.93,0,1.08
10-Jul-11,0.31,3.25,0.45,0.31
11-Jul-11,1.62,16.04,0.7,1.26
12-Jul-11,1.82,11.64,0.29,1.03
13-Jul-11,2.19,24.32,0.28,3.33
14-Jul-11,3.53,30.17,0.42,6.37
15-Jul-11,8.42,38.83,6.04,8.51
16-Jul-11,6.19,31.95,2.67,6.15
17-Jul-11,10.08,50.51,8.5,38.8
18-Jul-11,7.88,44.72,2.07,11.47
19-Jul-11,8.48,52.4,5.36,9.4
20-Jul-11,3.73,32.77,0.19,4.7
21-Jul-11,3.65,18.21,1.31,5.38
22-Jul-11,5.35,27.61,1.77,2.86
23-Jul-11,2.39,14.16,0.32,2.92
24-Jul-11,4.68,46.31,0.03,4.79
25-Jul-11,8.06,40.27,3.31,4.02
26-Jul-11,4.63,11.25,10.78,11.38
27-Jul-11,3.9,27.99,6.15,22.83
28-Jul-11,3.15,5.64,1.44,1.27
29-Jul-11,3.07,7.02,2.17,1.84
30-Jul-11,4.22,6.09,6.26,9.76
31-Jul-11,4.27,30.2,0.33,9.09
01-Aug-11,2.3,11.69,0.71,1.11
02-Aug-11,2.33,20.95,0.18,7.12
03-Aug-11,10.9,52.52,5.54,11.75
04-Aug-11,8.29,48.52,4.26,15.03
05-Aug-11,6.15,33.72,2.02,5.9
06-Aug-11,11.92,67.47,8.5,13.12
07-Aug-11,7.17,38.11,3.88,4.72
08-Aug-11,5.51,42.41,1.5,7.32
09-Aug-11,4.63,26.37,3.43,3.17
10-Aug-11,7.29,14.5,4.06,2.71
11-Aug-11,2.25,13.99,0.83,1.2
12-Aug-11,1.95,18.66,3.07,2.82
13-Aug-11,3.26,30.31,0.3,4.07
14-Aug-11,0.32,2.82,0,0.3
15-Aug-11,0.76,7.35,0,0.71
16-Aug-11,3.55,2.21,13.59,1.76
17-Aug-11,2.46,4.08,6.6,3.88
18-Aug-11,30.01,8.16,32.3,6.69
19-Aug-11,2.48,17.89,1.95,2.41
20-Aug-11,0.91,8.09,0,0.92
21-Aug-11,5.2,29.37,7.35,10.38
22-Aug-11,0.27,2.58,0.51,0.3
23-Aug-11,3.44,11.14,1.45,1.79
24-Aug-11,0.75,7.67,1.65,1.19
25-Aug-11,2.2,11.48,1.15,1.67
26-Aug-11,1.56,8.16,0.69,1.44
27-Aug-11,4.35,33.52,0.1,7.41
28-Aug-11,4.61,14.2,2.12,2.34
29-Aug-11,0.83,7.38,0.04,3.5
30-Aug-11,7.12,27.57,2.3,4.92
31-Aug-11,3.93,30.11,0.45,4.72
01-Sep-11,13.44,39.61,5.26,8.82
02-Sep-11,9.45,76.55,1.58,17.71
03-Sep-11,10.42,59.37,3.78,10.07
04-Sep-11,6.69,32.41,2.59,6.71
05-Sep-11,1.73,6.17,0.63,3.18
06-Sep-11,1.26,4.45,1.8,1.15
07-Sep-11,4.32,13.75,1.14,1.45
08-Sep-11,0.78,6.54,0.02,1.13
09-Sep-11,2.16,9.76,1.71,1.16
10-Sep-11,1.66,7.37,1.11,0.75
11-Sep-11,4.8,17.81,1.32,2
12-Sep-11,1.53,9.87,1.16,0.99
13-Sep-11,8.28,9.76,12.04,5.54
14-Sep-11,1.33,10.67,0,1.42
15-Sep-11,2.21,19.46,0.19,2.81
16-Sep-11,5.32,25.2,4.96,6.48
17-Sep-11,0.4,3.9,0.12,0.77
18-Sep-11,0.35,3.06,0.47,2.07
19-Sep-11,2.35,21.58,0.36,2.07
20-Sep-11,0.94,5.99,9.42,4.14
21-Sep-11,5.84,3.65,2.35,0.63
22-Sep-11,0.3,3.25,0.12,0.82
23-Sep-11,0.18,1.95,0,0.18
24-Sep-11,0.02,0.27,0,0.02
25-Sep-11,0,0,0,0
26-Sep-11,0,0,0,0
27-Sep-11,0.02,0.27,0,0.02
28-Sep-11,0.01,0.13,0,0
29-Sep-11,0,0,0,0
30-Sep-11,0,0,0,0
01-Oct-11,3.2,1.5,8.28,8.85
02-Oct-11,8.75,2.21,15.8,8.84
03-Oct-11,0.17,2.12,1.18,7.15
04-Oct-11,0.05,0,1.33,0.01
05-Oct-11,0,0,0,0
06-Oct-11,0,0,0,0
07-Oct-11,0,0,0.09,0.43
08-Oct-11,0.94,0.16,1.43,0.09
09-Oct-11,4.2,2.02,1.61,8.41
10-Oct-11,16.96,6.49,8.5,4.81
11-Oct-11,12.9,9.22,8.69,13.8
12-Oct-11,3.24,5.79,5.14,13.37
13-Oct-11,18.91,14.05,14.13,4.75
14-Oct-11,0.1,0.19,4.66,19.32
15-Oct-11,6.88,9.46,5.02,29.55
16-Oct-11,2.98,7.14,1.68,12.24
17-Oct-11,0.02,0.35,0,0.56
18-Oct-11,0.34,3.4,0,0.32
19-Oct-11,0.04,0.18,0,0
20-Oct-11,0.05,0.04,0,0
21-Oct-11,3.07,2.81,6.46,0.92
22-Oct-11,0.53,4.93,0,0.35
23-Oct-11,0,0,0,0
24-Oct-11,21.18,34.72,18.99,8.6
25-Oct-11,10.14,6.9,8.66,11.19
26-Oct-11,5.25,7.26,9.97,19.38
27-Oct-11,0.16,0.98,0.51,2.49
28-Oct-11,5.13,20.21,7.36,12.64
29-Oct-11,0.41,1.02,0.26,5.34
30-Oct-11,10.1,11.29,9.38,6.7
31-Oct-11,1.19,0.79,2.18,2.7
01-Nov-11,1.23,0.62,2.92,1
02-Nov-11,7.49,13.2,6.06,6.86
03-Nov-11,11.4,14.71,10.09,6.64
04-Nov-11,25.6,12.8,17.36,15.77
05-Nov-11,1.57,3.83,3.67,14.77
06-Nov-11,8.08,2.64,13.05,4.89
07-Nov-11,8.94,10.4,10.73,11.76
08-Nov-11,0.07,0.19,0,0
09-Nov-11,0,0,0,0
10-Nov-11,0,0,0,0
11-Nov-11,0,0,0,0
12-Nov-11,0,0,0,0
13-Nov-11,0,0,0,0
14-Nov-11,0,0,0,0
15-Nov-11,0,0,0,0
16-Nov-11,0,0,0,0
17-Nov-11,0,0,0,0
18-Nov-11,0,0,0,0
19-Nov-11,0,0,0,0
20-Nov-11,0,0,0,0
21-Nov-11,0,0,0,0
22-Nov-11,0,0,0,0
23-Nov-11,0,0,0,0
24-Nov-11,0,0,0,0
25-Nov-11,0,0,0,0
26-Nov-11,2.08,1.48,2.84,0.62
27-Nov-11,6.23,4.41,4.47,1.72
28-Nov-11,3.64,1.11,1.85,0.91
29-Nov-11,23.77,5.92,32.75,16.36
30-Nov-11,0.05,0.81,0,0.05
01-Dec-11,0,0.09,0,0
02-Dec-11,0,0,0,0
03-Dec-11,0,0,0,0
04-Dec-11,0,0,0,0
05-Dec-11,0.01,0.13,0,0
06-Dec-11,0,0,0,0
07-Dec-11,0,0,0,0
08-Dec-11,0,0,0,0
09-Dec-11,0,0,0,0
10-Dec-11,0,0,0.27,0
11-Dec-11,0,0,0,0
12-Dec-11,0,0,0,0
13-Dec-11,0,0,0,0
14-Dec-11,0,0,0,0
15-Dec-11,0,0,0,0
16-Dec-11,0,0,0,0
17-Dec-11,0,0,0,0
18-Dec-11,0,0,0,0
19-Dec-11,0,0,0,0
20-Dec-11,0,0,0,0
21-Dec-11,0,0,0,0
22-Dec-11,0,0,0,0
23-Dec-11,0,0,0,0
24-Dec-11,0,0,0,0
25-Dec-11,0,0,0,0
26-Dec-11,0,0,0,0
27-Dec-11,0,0,0,0
28-Dec-11,0,0,0,0
29-Dec-11,0,0,0,0
30-Dec-11,0,0,0,0
31-Dec-11,1.83,0.23,2.26,0.01
01-Jan-12,0,0,0,0
02-Jan-12,0,0,0,0
03-Jan-12,0,0,0,0
04-Jan-12,0,0,0,0
05-Jan-12,0,0,0,0
06-Jan-12,0,0,0,0
07-Jan-12,0,0,0,0
08-Jan-12,0,0,0,0
09-Jan-12,0,0,0,0
10-Jan-12,0,0,0,0
11-Jan-12,0,0,0,0
12-Jan-12,0,0,0.06,0
13-Jan-12,0,0,0,0
14-Jan-12,0,0,0,0
15-Jan-12,0,0,0,0
16-Jan-12,0,0,0,0
17-Jan-12,0,0,0,0
18-Jan-12,0,0,0,0
19-Jan-12,0,0,0,0
20-Jan-12,0,0,0,0
21-Jan-12,0,0,0,0
22-Jan-12,0,0,0,0
23-Jan-12,0,0,0,0
24-Jan-12,0,0,0,0
25-Jan-12,0,0,0,0
26-Jan-12,0,0,0,0
27-Jan-12,0,0,0,0
28-Jan-12,0,0,0,0
29-Jan-12,0,0,0,0
30-Jan-12,0,0,0,0
31-Jan-12,0,0,0,0
01-Feb-12,0,0,0,0
02-Feb-12,0,0,0,0
03-Feb-12,0,0,0,0
04-Feb-12,0,0,0,0
05-Feb-12,0,0,0,0
06-Feb-12,0,0,0,0
07-Feb-12,0,0,0,0
08-Feb-12,0,0,0,0
09-Feb-12,0,0,0,0
10-Feb-12,0,0,0,0
11-Feb-12,1.86,0.54,0.03,0
12-Feb-12,0,0,0,0
13-Feb-12,0,0,0,0
14-Feb-12,0,0,0,0
15-Feb-12,0,0,0,0
16-Feb-12,0,0,0,0
17-Feb-12,0,0,0,0
18-Feb-12,0,0,0,0
19-Feb-12,0,0,0,0
20-Feb-12,0,0,0,0
21-Feb-12,0,0,0,0
22-Feb-12,0,0,0,0
23-Feb-12,0,0,0,0
24-Feb-12,0,0,0,0
25-Feb-12,0,0,0,0
26-Feb-12,0,0,0,0
27-Feb-12,0,0,0,0
28-Feb-12,0,0,0,0
29-Feb-12,0,0,0,0
01-Mar-12,0,0,0,0
02-Mar-12,0,0,0,0
03-Mar-12,0,0,0,0
04-Mar-12,0,0,0,0
05-Mar-12,0,0,0,0
06-Mar-12,0,0,0,0
07-Mar-12,0,0,0,0
08-Mar-12,0,0,0,0
09-Mar-12,0,0,0,0
10-Mar-12,0,0,0,0
11-Mar-12,0,0,0,0
12-Mar-12,0,0,0,0
13-Mar-12,0,0,0,0
14-Mar-12,0.98,2.23,0.29,1.06
15-Mar-12,0,0,0,0
16-Mar-12,0,0,0,0
17-Mar-12,0.6,0.17,0.01,0
18-Mar-12,0,0,0,0
19-Mar-12,0,0,0,0
20-Mar-12,0,0,0,0
21-Mar-12,0,0,0,0
22-Mar-12,0,0,0,0
23-Mar-12,0,0,0,0
24-Mar-12,0,0,0,0
25-Mar-12,0,0,0,0
26-Mar-12,0,0,0,0
27-Mar-12,0,0,0,0
28-Mar-12,0,0,0,0
29-Mar-12,0.5,0.13,0.01,0
30-Mar-12,0,0,0,0
31-Mar-12,0,0,2.34,1.78
01-Apr-12,0,0,0,0
02-Apr-12,8.86,2.51,0.13,0.02
03-Apr-12,0,0,0,0
04-Apr-12,0.37,0.1,0.01,0
05-Apr-12,0.13,0,0,0
06-Apr-12,0,0,0,0
07-Apr-12,0,0,0,0
08-Apr-12,0,0,0,0
09-Apr-12,0,0,0,0
10-Apr-12,0,0,0,0
11-Apr-12,0.02,0,0,0
12-Apr-12,0,0,0,0
13-Apr-12,0,0,0,0.01
14-Apr-12,0,0,0,0
15-Apr-12,0,0,0,0
16-Apr-12,0.37,0.1,0.01,0
17-Apr-12,1.83,4.14,0.53,1.95
18-Apr-12,0,0,0,0
19-Apr-12,10.56,3.07,4.4,10.18
20-Apr-12,0,0,0,0
21-Apr-12,6.48,6.38,0.72,2.45
22-Apr-12,0.91,0.25,0.01,0
23-Apr-12,0,0,0.86,0.65
24-Apr-12,3.96,1.83,4.59,1.97
25-Apr-12,18.68,6.83,1.11,0.89
26-Apr-12,6.64,4.71,9.55,11.54
27-Apr-12,5.18,3.9,5.21,5.5
28-Apr-12,4.81,0.82,29.19,24.31
29-Apr-12,0.06,0.18,0.27,0.08
30-Apr-12,0.28,0.06,0.11,0
01-May-12,2.95,0.27,7.78,0.12
02-May-12,2.57,0.07,6.07,0
03-May-12,5.63,0.78,8,0.01
04-May-12,18.97,5.57,0.28,0.04
05-May-12,0,0,0,0
06-May-12,0.05,0,0,0
07-May-12,0,0,0,0
08-May-12,0,0,0,0
09-May-12,0,0,2.65,11.84
10-May-12,0,0,0,0
11-May-12,6.83,0,19.66,1.06
12-May-12,29.94,57.36,7.19,26.49
13-May-12,0.66,1.41,0.18,0.65
14-May-12,0,0,0,0
15-May-12,0,0,2.09,1.6
16-May-12,2.03,0,20.7,7.66
17-May-12,1.36,1.6,0.19,0.65
18-May-12,0,0,0,0
19-May-12,0.01,0,0,0
20-May-12,0,0,0,0
21-May-12,0,0,0,0
22-May-12,3.84,0.79,2.32,0.01
23-May-12,0,0,0,0
24-May-12,0,0,0,0
25-May-12,0.28,0.06,0,0
26-May-12,0,0,0,0
27-May-12,0,0,0,0
28-May-12,0,0,0,0
29-May-12,0,0,0,0
30-May-12,0.54,1.21,0.15,0.57
31-May-12,0.08,0,0,0
01-Jun-12,0,0,0,0
02-Jun-12,3.45,6.88,0.87,3.19
03-Jun-12,0.54,1.21,0.15,0.57
04-Jun-12,9.19,11.53,1.31,4.64
05-Jun-12,35.62,41.45,4.52,15.86
06-Jun-12,37.53,60.66,7.32,26.59
07-Jun-12,45.97,53.57,5.97,20.94
08-Jun-12,15.13,14.4,3.93,5.82
09-Jun-12,3.94,8.08,1.03,3.8
10-Jun-12,10.01,7.1,0.73,2.3
11-Jun-12,5.59,4.32,0.39,1.25
12-Jun-12,17.81,21.66,2.4,8.49
13-Jun-12,15.66,13.91,1.45,4.85
14-Jun-12,13.58,24.44,6.44,11.36
15-Jun-12,14.48,9.69,0.77,2.32
16-Jun-12,17.38,22.26,3.5,9.01
17-Jun-12,24.63,29.71,3.5,12.36
18-Jun-12,72.54,85.97,11.84,36.03
19-Jun-12,49.61,61.85,7.66,28.21
20-Jun-12,42.4,54.28,6.28,22.33
21-Jun-12,19.34,12.5,1.13,3.43
22-Jun-12,10.67,13.4,1.55,5.49
23-Jun-12,6.69,5.58,0.62,2.05
24-Jun-12,3.51,4.94,0.58,2.09
25-Jun-12,11.03,6.12,0.41,1.09
26-Jun-12,1.61,2.57,0.32,1.14
27-Jun-12,7.38,11.02,1.4,5.03
28-Jun-12,44.18,65.73,7.76,27.99
29-Jun-12,38.44,70.89,8.83,32.27
30-Jun-12,13.1,17.28,2.02,7.2
01-Jul-12,2.4,10.32,0.58,2.47
02-Jul-12,2.85,28,0.1,4.93
03-Jul-12,3.91,23.93,1,13.32
04-Jul-12,0.41,2.95,0.09,2.11
05-Jul-12,0.44,3.7,0.05,1.51
06-Jul-12,0.43,4.47,0,0.41
07-Jul-12,0.73,6.45,0,0.61
08-Jul-12,8.59,10.58,1.83,2.33
09-Jul-12,3.86,6.14,2.12,0.97
10-Jul-12,2.97,19.64,0.6,1.79
11-Jul-12,1.11,6.64,0.21,0.98
12-Jul-12,1.51,15.68,0.01,1.46
13-Jul-12,0.2,1.9,0,0.86
14-Jul-12,0.78,7.85,2.82,0.79
15-Jul-12,5.31,11.92,5.56,1.73
16-Jul-12,2.66,6.23,6.48,1.33
17-Jul-12,8.57,2.19,7.54,1.84
18-Jul-12,2.04,18.37,3.31,4.36
19-Jul-12,1.52,14.09,0.19,2.88
20-Jul-12,0.02,0.37,0,0.59
21-Jul-12,0.9,6.41,0.09,2.52
22-Jul-12,3.31,31.25,0.32,7.25
23-Jul-12,1.94,16.6,0.41,3.46
24-Jul-12,2.62,25.62,0.01,3.04
25-Jul-12,0.42,2.93,0,0.25
26-Jul-12,3.98,36.33,0.11,4.98
27-Jul-12,4.66,43.76,0.28,8.19
28-Jul-12,2.5,22.72,1.57,5.56
29-Jul-12,2.16,17.45,0.3,4.81
30-Jul-12,0.42,3.85,0.04,1.6
31-Jul-12,0.5,3.89,0.04,1.06
01-Aug-12,0.33,3.87,0.05,1.48
02-Aug-12,0.43,2.17,0.36,6.38
03-Aug-12,0.97,3.82,0.32,0.81
04-Aug-12,0.58,3.91,0.62,3.66
05-Aug-12,1.24,2.48,1.04,14.09
06-Aug-12,5.47,51.15,1.26,10.12
07-Aug-12,8.6,73.38,2.27,14.6
08-Aug-12,6.13,36.53,3.09,9.45
09-Aug-12,4.94,38.91,1.9,9.01
10-Aug-12,3.36,33.03,0.59,7.66
11-Aug-12,4.55,37.74,0.32,7.68
12-Aug-12,3.86,32.55,0.67,9.8
13-Aug-12,1.96,12.23,0.51,3.3
14-Aug-12,0.22,2.18,1.89,0.57
15-Aug-12,0.04,1.01,0,0.02
16-Aug-12,1.14,10.09,0.01,1.31
17-Aug-12,1.72,5.35,0.36,1.28
18-Aug-12,2.68,17.19,0.75,7.49
19-Aug-12,1.57,14.69,0.37,2.35
20-Aug-12,0,0.25,0,0.04
21-Aug-12,0,0.63,0,0.01
22-Aug-12,0,0,0.18,0.02
23-Aug-12,0,0,0,0.13
24-Aug-12,10.72,2.79,21.78,5.14
25-Aug-12,12.9,7.73,14.77,8.58
26-Aug-12,5.07,38.27,7.3,20.8
27-Aug-12,1.72,11.47,0.64,12.15
28-Aug-12,3.31,25.09,3.45,6.42
29-Aug-12,5.45,29.46,1.34,6.32
30-Aug-12,4.08,33.96,0.62,4.59
31-Aug-12,7.97,27.42,2.68,3.84
01-Sep-12,5.92,29.92,1.82,10.15
02-Sep-12,1.51,12.74,0.23,3.81
03-Sep-12,2.12,15.52,0.56,8.7
04-Sep-12,5.06,41.57,0.24,5.53
05-Sep-12,2.18,12.6,0.67,4.66
06-Sep-12,0.43,4.66,0.04,1.42
07-Sep-12,1.35,10.57,0.56,3.48
08-Sep-12,2.5,18.97,1.33,4.57
09-Sep-12,10.34,6.07,15.25,2.99
10-Sep-12,4.72,12.45,3.07,1.21
11-Sep-12,0.28,1.84,0,0.21
12-Sep-12,1.94,16.13,0.09,1.98
13-Sep-12,0.58,7.03,0,0.95
14-Sep-12,3.22,19.75,4.42,2.22
15-Sep-12,1.51,10.92,1.18,1.24
16-Sep-12,2.47,14.01,0.61,1.46
17-Sep-12,3.75,16.37,1.22,1.76
18-Sep-12,0.93,7.93,0.25,0.81
19-Sep-12,1.6,15.42,0.01,1.57
20-Sep-12,1.44,0.18,0.3,0
21-Sep-12,0,0,0,0
22-Sep-12,0.01,0.13,0,0
23-Sep-12,0.01,0.13,0,0
24-Sep-12,0,0,0,0
25-Sep-12,0.01,0.13,0,0
26-Sep-12,0,0,0,0
27-Sep-12,1.32,0.14,4.91,0.59
28-Sep-12,18.35,3.18,29.02,6.02
29-Sep-12,1.07,0.33,2.53,2.07
30-Sep-12,0.02,0.31,0.3,0.76
01-Oct-12,14.17,15.19,6.82,3.02
02-Oct-12,0.56,5.84,0,0.52
03-Oct-12,1.05,11.26,0.01,2.5
04-Oct-12,0,0.21,0,0.51
05-Oct-12,0.26,2.45,0,0.24
06-Oct-12,0,0,0,0
07-Oct-12,0.11,0.13,3.34,0.38
08-Oct-12,0.33,0.18,0.31,0.02
09-Oct-12,26.1,24.29,13.99,5.08
10-Oct-12,4.28,2.36,1.23,0.17
11-Oct-12,0,0,0,0
12-Oct-12,0.3,0.07,0.04,0
13-Oct-12,0.22,0.03,0.03,0
14-Oct-12,2.21,0.63,5.63,0.79
15-Oct-12,44.17,10.79,34.71,5.65
16-Oct-12,1.9,5.67,2.61,3.81
17-Oct-12,0.03,0.14,0.09,0
18-Oct-12,0,0.19,0,0
19-Oct-12,0,0,0,0
20-Oct-12,3.97,7.01,6.69,3.27
21-Oct-12,1.56,5.81,1.24,2.53
22-Oct-12,2.09,4.27,0.7,0.93
23-Oct-12,0.48,5.34,0.06,0.32
24-Oct-12,0,0,0.12,0
25-Oct-12,0,0,0,0
26-Oct-12,0.04,0.07,0.04,0.69
27-Oct-12,0.4,0.37,0,0
28-Oct-12,0,0,0,0
29-Oct-12,0,0,0,0
30-Oct-12,4.5,0.55,10.9,1.56
31-Oct-12,0.43,0.05,0.72,0.01
01-Nov-12,42.03,22.7,53.46,22.4
02-Nov-12,7.59,46.12,5.8,21.96
03-Nov-12,1.33,10.67,0.75,1.03
04-Nov-12,0.22,1.71,0.8,0.51
05-Nov-12,5.03,47.27,0.33,4.76
06-Nov-12,0,0.56,0.07,4.18
07-Nov-12,0,0,0,0
08-Nov-12,0,0.01,0,0
09-Nov-12,0,0.05,0,0.48
10-Nov-12,0,0,0,0
11-Nov-12,0.08,0.08,0,0
12-Nov-12,0,0,0,0
13-Nov-12,0.54,1.44,0,0
14-Nov-12,0,0,0,0
15-Nov-12,0,0,0,0
16-Nov-12,0,0,0,0
17-Nov-12,0,0,0,0
18-Nov-12,0,0,0,0
19-Nov-12,0,0,0,0
20-Nov-12,0,0,0,0
21-Nov-12,0,0,0,0
22-Nov-12,0,0,0,0
23-Nov-12,0,0.36,0,0
24-Nov-12,0.08,0.13,2.57,0.06
25-Nov-12,0.19,0.18,0,0
26-Nov-12,0,0,0,0
27-Nov-12,0,0,0,0
28-Nov-12,0,0,0,0
29-Nov-12,0,0,0,0
30-Nov-12,0,0,0,0
01-Dec-12,0,0,0,0
02-Dec-12,0,0,0,0
03-Dec-12,0,0,0,0
04-Dec-12,0.63,0.54,0.21,0.52
05-Dec-12,7.38,8.16,9.76,2.23
06-Dec-12,0,0.01,0.15,0.16
07-Dec-12,0,0,0,0
08-Dec-12,0,0,0,0
09-Dec-12,0,0,0,0
10-Dec-12,0,0,0,0
11-Dec-12,0,0,0,0
12-Dec-12,0,0,0,0
13-Dec-12,0,0,0,0
14-Dec-12,0,0,0,0
15-Dec-12,0,0,0,0
16-Dec-12,0,0,0,0
17-Dec-12,0,0,0,0
18-Dec-12,0,0,0,0
19-Dec-12,0,0,0,0
20-Dec-12,0,0,0,0
21-Dec-12,0,0,0,0
22-Dec-12,0,0,0,0
23-Dec-12,0,0,0,0
24-Dec-12,0,0,0,0
25-Dec-12,0,0,0,0
26-Dec-12,0,0,0,0
27-Dec-12,0,0,0,0
28-Dec-12,0,0,0,0
29-Dec-12,0,0,0,0
30-Dec-12,0.95,2.24,0.98,0.66
31-Dec-12,0,0,0,0
01-Jan-13,0,0,0.06,0.17
02-Jan-13,0,0,0,0
03-Jan-13,0,0,0,0
04-Jan-13,0,0,0,0
05-Jan-13,0,0,0,0
06-Jan-13,0,0,0,0
07-Jan-13,0,0,0,0
08-Jan-13,0,0,0,0
09-Jan-13,0,0,0,0
10-Jan-13,0,0,0,0
11-Jan-13,0,0,0,0
12-Jan-13,0,0,0,0
13-Jan-13,0,0,0,0
14-Jan-13,0,0,0,0
15-Jan-13,0,0,0,0
16-Jan-13,0,0,0,0
17-Jan-13,0,0,0,0
18-Jan-13,0,0,0,0
19-Jan-13,0,0,0,0
20-Jan-13,0,0,0,0
21-Jan-13,0,0,0,0
22-Jan-13,0,0,0,0
23-Jan-13,0,0,0,0
24-Jan-13,0,0,0,0
25-Jan-13,0,0,0,0
26-Jan-13,0,0,0,0
27-Jan-13,0,0,0,0
28-Jan-13,0,0,0,0
29-Jan-13,0,0,0,0
30-Jan-13,0,0,0,0
31-Jan-13,0,0,0,0
01-Feb-13,0,0,0,0
02-Feb-13,0,0,0,0
03-Feb-13,0,0,0,0
04-Feb-13,0,0,0,0
05-Feb-13,0,0,0,0
06-Feb-13,0,0,0,0
07-Feb-13,0,0,0,0
08-Feb-13,0,0.54,0.01,0.6
09-Feb-13,0.17,0.29,3.2,3.73
10-Feb-13,0.05,6.39,0,4.33
11-Feb-13,0,0,0,0
12-Feb-13,0,0,0,0
13-Feb-13,0,0,0,0
14-Feb-13,0,0,0,0
15-Feb-13,0.22,0.88,0,0.06
16-Feb-13,3.46,2.35,4.55,4.35
17-Feb-13,0.03,1.46,0.12,0.09
18-Feb-13,1.71,0.91,1.93,0.42
19-Feb-13,0,0,0,0
20-Feb-13,0,0.98,0,0
21-Feb-13,0,0,0,0
22-Feb-13,0,0,0,0
23-Feb-13,0,0,0,0
24-Feb-13,0,0,0,0
25-Feb-13,0,0,0,0
26-Feb-13,0,0,0,0
27-Feb-13,0,0,0,0
28-Feb-13,0,0,0,0
01-Mar-13,0,0,0,0
02-Mar-13,0,0,0,0
03-Mar-13,0,0,0,0
04-Mar-13,0,0,0,0
05-Mar-13,0,0,0,0
06-Mar-13,0.03,0,0,0
07-Mar-13,1.58,2.22,0.11,0.03
08-Mar-13,1.95,19.96,0.4,13.23
09-Mar-13,0,0.06,0,0
10-Mar-13,0.65,0.61,3.21,0.06
11-Mar-13,0.07,0.37,2.77,0.71
12-Mar-13,1.85,13.44,0.02,6.44
13-Mar-13,0,0,0,0.01
14-Mar-13,0,0.72,0,0.11
15-Mar-13,0,0.01,0,0.01
16-Mar-13,0,0.12,0,0
17-Mar-13,0.15,4.88,0,0.16
18-Mar-13,0,0,0,0
19-Mar-13,1.23,4.67,0.02,4.65
20-Mar-13,0,0,0,0
21-Mar-13,0,0,0,0
22-Mar-13,0,0,0,0
23-Mar-13,0,0,0,0
24-Mar-13,0,0,0,0
25-Mar-13,0,0,0,0
26-Mar-13,0.26,0,0.07,0
27-Mar-13,3.14,0.92,1.43,2.27
28-Mar-13,0.32,0,0.01,0
29-Mar-13,0,1.01,0,0
30-Mar-13,0,0,0,0
31-Mar-13,0.14,0,5.55,0.01
01-Apr-13,2.44,0.07,5.68,0
02-Apr-13,1.21,3.8,0.04,0.1
03-Apr-13,8.12,0.53,2.54,0
04-Apr-13,0.19,0,0,2.27
05-Apr-13,0,0,0,0
06-Apr-13,8.44,1.85,5.87,0.01
07-Apr-13,0,0,0,0
08-Apr-13,0,0,0,0
09-Apr-13,0,0,0,0
10-Apr-13,1.31,0.67,0,1.3
11-Apr-13,0,1.2,0,0
12-Apr-13,0,0,0,0
13-Apr-13,0,0,0,0
14-Apr-13,0,0,0,0
15-Apr-13,0,0,0,0
16-Apr-13,7.44,1.45,23.51,0.46
17-Apr-13,0,0,0,0
18-Apr-13,0.32,0,0.26,0
19-Apr-13,0.08,0,0,0
20-Apr-13,0,0,0,0
21-Apr-13,0,0,0,0
22-Apr-13,0.01,0,0,0
23-Apr-13,0.17,0.35,0,0
24-Apr-13,3.86,5.53,4.45,4.14
25-Apr-13,0.02,0,1.23,0.85
26-Apr-13,2.3,3.58,3.69,3.22
27-Apr-13,6.05,8.52,1.74,15.18
28-Apr-13,0.95,0.97,3.3,2.16
29-Apr-13,16.39,10.85,7.76,7.44
30-Apr-13,0.78,0.65,1.68,0.48
01-May-13,0,0,0,0
02-May-13,0.02,0,0,0
03-May-13,0.8,0.05,0.1,1.22
04-May-13,11.18,1.61,2.68,1.3
05-May-13,8.13,5.62,4.62,0.79
06-May-13,0.75,3.78,0.13,7.16
07-May-13,1.81,1.03,1.12,2.19
08-May-13,0.03,0,0,0.03
09-May-13,0.41,0.13,1.78,2.71
10-May-13,1.07,0.7,6.2,1.17
11-May-13,11.49,7.67,8.76,2.67
12-May-13,8.48,10.12,7.28,8.36
13-May-13,1.16,2.58,1.11,6.35
14-May-13,0,0,0,0
15-May-13,0,0,0,0
16-May-13,0,0,0,0
17-May-13,0,0,0,0
18-May-13,2.91,0.25,3.74,2.03
19-May-13,1.31,4.45,4.6,11.16
20-May-13,0.39,0.04,0.16,0
21-May-13,13.4,23.46,12.67,16.04
22-May-13,0.26,0.1,0,0.05
23-May-13,6.66,0.16,9.05,0
24-May-13,0.7,0,0.31,0.04
25-May-13,0,0,0,0
26-May-13,3.17,1.99,0.15,0.02
27-May-13,7.16,8.79,0.58,7.59
28-May-13,0.97,1.48,4.39,6.22
29-May-13,1.66,3.15,6.03,9.32
30-May-13,0.16,0.63,2.15,2.25
31-May-13,4.55,10.23,17.36,12.79
01-Jun-13,16.2,22.71,28.29,29.54
02-Jun-13,2.16,1.48,0.72,4.09
03-Jun-13,4.54,15.13,4.99,1.04
04-Jun-13,0.79,2.13,0.79,1.07
05-Jun-13,2.33,5.84,3.03,3.64
06-Jun-13,3.89,1.57,0,0.12
07-Jun-13,1.18,7.21,2.7,2.1
08-Jun-13,2.49,4.27,1.94,1.05
09-Jun-13,0.2,9.32,1.32,1.1
10-Jun-13,0.53,6.69,0.51,3.97
11-Jun-13,4.65,14.38,4.16,4.62
12-Jun-13,4.86,25.49,1.87,2.88
13-Jun-13,0.48,6.62,0.95,1.51
14-Jun-13,0.39,18.85,4.85,4.37
15-Jun-13,2.31,19.51,1.89,9.74
16-Jun-13,5.18,37.22,2.78,7.71
17-Jun-13,4.4,21.14,2.19,5.2
18-Jun-13,2.81,26.77,2.29,5.75
19-Jun-13,0.17,6.33,0.59,0.98
20-Jun-13,2.16,20.39,2.91,2.72
21-Jun-13,0.05,1.81,0.44,1.07
22-Jun-13,1.05,8.07,1.08,2.31
23-Jun-13,1.93,9.04,1.65,2.62
24-Jun-13,1.16,12.57,3.67,3.3
25-Jun-13,15.21,46.53,6.56,10.02
26-Jun-13,8,38.15,9.31,12.73
27-Jun-13,4.67,21.38,5.34,5.27
28-Jun-13,0.54,5.15,1.62,1
29-Jun-13,0.53,4.27,0.47,1.78
30-Jun-13,0,0.42,0,0.44
01-Jul-13,2.24,2.26,0.35,0.88
02-Jul-13,0.67,9.1,2.34,3.38
03-Jul-13,3.93,41.35,8.98,8.82
04-Jul-13,9.32,69.76,12.45,29.86
05-Jul-13,2,25.68,3.19,4.35
06-Jul-13,1.08,12.38,3.52,4.54
07-Jul-13,1.93,14.28,8.87,1.99
08-Jul-13,0.15,7.21,1.05,0.51
09-Jul-13,2.12,6.23,1.44,0.89
10-Jul-13,2.28,8.86,3.6,1.76
11-Jul-13,2.82,17.64,2.56,3.27
12-Jul-13,1.32,14.7,3.9,3.7
13-Jul-13,2.71,19.34,4.62,5.74
14-Jul-13,1.07,9.55,2.91,4.41
15-Jul-13,4.46,7.35,2,1.8
16-Jul-13,2.96,9.07,3.6,2.21
17-Jul-13,8.47,17.33,3.45,9.64
18-Jul-13,1.8,12.31,3.58,7.48
19-Jul-13,11.71,44.82,5.93,12.83
20-Jul-13,16.44,60.72,18.63,25.41
21-Jul-13,9.42,35.79,10.05,12.08
22-Jul-13,4.19,21.26,3.26,6.22
23-Jul-13,2.01,14.98,7.3,6.22
24-Jul-13,3.45,22.98,6.88,13.81
25-Jul-13,5.88,34.7,5.93,13.2
26-Jul-13,1.81,24.91,4.55,8.72
27-Jul-13,3.81,19.04,3.54,6.68
28-Jul-13,4.49,18.62,5.95,12.08
29-Jul-13,7.78,23.08,5.54,8.86
30-Jul-13,0.31,2.85,1.19,1.27
31-Jul-13,4.51,17.72,2.85,5.5
01-Aug-13,5.37,34.86,4.02,10.91
02-Aug-13,13.87,60.38,8.76,30.69
03-Aug-13,4.84,27.16,4.27,15.93
04-Aug-13,1.77,18.52,5.88,7.09
05-Aug-13,0.84,13.24,4.61,4.31
06-Aug-13,1.03,12.86,4.32,4.64
07-Aug-13,0.45,8.47,2.47,4.95
08-Aug-13,2.63,8.24,1.49,2.34
09-Aug-13,0.23,4.21,1.6,2.63
10-Aug-13,1.07,2.19,2.97,0.21
11-Aug-13,2.93,2.28,7.35,3.42
12-Aug-13,7.54,6.82,7.21,2.99
13-Aug-13,1.47,5.37,2.5,0.18
14-Aug-13,1.54,6.78,3.46,1.75
15-Aug-13,0.02,0.81,0.89,0.17
16-Aug-13,0.63,3.92,9.39,4.23
17-Aug-13,0.71,2.11,5.56,3.03
18-Aug-13,1.13,4.93,1.52,0.89
19-Aug-13,0.32,8.44,3.78,2.67
20-Aug-13,0.03,2.96,1.46,2.94
21-Aug-13,0.45,7.36,2.3,3.16
22-Aug-13,0.86,4.54,1.31,2.47
23-Aug-13,0.3,5.5,4.38,2.15
24-Aug-13,2.12,3.86,1.97,0.96
25-Aug-13,0.45,3.78,3.14,0.88
26-Aug-13,1.26,1.04,1.04,1.12
27-Aug-13,1.66,1.04,2.5,0.28
28-Aug-13,0.09,0.12,0.76,1.35
29-Aug-13,0.49,0.24,1.22,1.3
30-Aug-13,2.47,4.65,0.35,2.61
31-Aug-13,11.75,0.33,5,0.07
01-Sep-13,1.24,1.79,3.42,3.3
02-Sep-13,5.87,7.23,14.26,10.19
03-Sep-13,14.48,4.07,8.14,11.11
04-Sep-13,7.37,3.33,32.08,9.52
05-Sep-13,1.24,2.43,3.43,3.04
06-Sep-13,9.83,7.13,13.31,10.79
07-Sep-13,5.66,6.16,1.06,6.2
08-Sep-13,9.5,7.61,24.8,14.25
09-Sep-13,23.65,12.47,33.1,15.47
10-Sep-13,0.88,2.07,8.92,3.04
11-Sep-13,0.05,0.98,2.1,9.62
12-Sep-13,2.82,2.54,3.78,13.82
13-Sep-13,26.42,16.47,38.12,33.63
14-Sep-13,1.34,7.21,3.82,3.37
15-Sep-13,6.58,3.31,5.01,3.92
16-Sep-13,0.27,13.37,0.39,2.4
17-Sep-13,0.45,4.31,0.3,1.87
18-Sep-13,4.15,14.08,6.04,8.62
19-Sep-13,4.52,23.6,4.48,12.13
20-Sep-13,1.04,10.52,4.35,3.38
21-Sep-13,3.14,14.5,1.22,3.66
22-Sep-13,1.69,4.09,0.89,1.33
23-Sep-13,0,0.09,0.1,0.05
24-Sep-13,0,1.17,0,0.19
25-Sep-13,0,0.79,0.28,0.44
26-Sep-13,0.01,0.26,0,0.11
27-Sep-13,0,0,0,0.01
28-Sep-13,0,0,0,0.01
29-Sep-13,0,0.18,0,0.02
30-Sep-13,0,0.12,0.22,0.1
01-Oct-13,1.01,9.3,0.58,1.91
02-Oct-13,5.83,5.28,2.07,2.66
03-Oct-13,3.06,2.53,0.4,1.53
04-Oct-13,0,0.03,0,0.79
05-Oct-13,0,0,0,0.03
06-Oct-13,0.02,3.57,0.34,1.4
07-Oct-13,0.18,2.56,0.17,1.59
08-Oct-13,1.16,0.91,3.61,2.81
09-Oct-13,7.49,2.47,5.53,2.41
10-Oct-13,3.49,8.36,0.92,3.69
11-Oct-13,0.06,0.85,0.06,0.01
12-Oct-13,0.28,0.48,0,0.24
13-Oct-13,0.8,5.81,0.12,0.13
14-Oct-13,1.27,0.68,0.42,1.16
15-Oct-13,0.1,0.25,1.05,2.23
16-Oct-13,3.98,2.87,9.82,3.18
17-Oct-13,24.17,10.22,2.28,7.08
18-Oct-13,0.78,2.12,1.8,0.38
19-Oct-13,4.07,10.07,0.7,0.86
20-Oct-13,36.96,35.78,34.74,27.8
21-Oct-13,0.36,0,0.98,0.01
22-Oct-13,6.39,2.37,4.37,0.25
23-Oct-13,8.14,8.04,1.18,2.48
24-Oct-13,6.77,9.78,14.74,7.62
25-Oct-13,0.43,0.5,7.69,1.49
26-Oct-13,2.43,1.19,2.77,6.21
27-Oct-13,0.96,0.26,1.17,0.47
28-Oct-13,0,0,0,0
29-Oct-13,0.05,0,0.07,0.11
30-Oct-13,0,1.24,0.25,0.21
31-Oct-13,0,1.64,0,0
01-Nov-13,0.11,0.07,0,0
02-Nov-13,1.1,0.44,2.57,0.36
03-Nov-13,0.11,0.49,1.35,0.11
04-Nov-13,0.73,2.35,1.63,1.78
05-Nov-13,4,2.59,1.25,0.31
06-Nov-13,0.13,0,0,0
07-Nov-13,0.01,0,0,0
08-Nov-13,0,0,0,0
09-Nov-13,0,0,0,0
10-Nov-13,0,0,0,0
11-Nov-13,0,0,0,0
12-Nov-13,0,0,0,0
13-Nov-13,3.16,4.08,0.1,1.19
14-Nov-13,0,0,0,0
15-Nov-13,0,0,0,0
16-Nov-13,0,0,0,0
17-Nov-13,11.6,2.25,7.29,1.53
18-Nov-13,0.14,0.05,0,0.08
19-Nov-13,5.06,2.1,7.07,3.62
20-Nov-13,0,0.01,0,0.02
21-Nov-13,0.15,0,0,0
22-Nov-13,0.02,0,0,0
23-Nov-13,0.25,0,0.82,0
24-Nov-13,14.4,14.57,14.08,17.85
25-Nov-13,0.78,0.04,0.81,0.08
26-Nov-13,0,1.12,0,0.06
27-Nov-13,0.77,1.01,0.74,0.29
28-Nov-13,0.01,1.51,0.04,0.01
29-Nov-13,0.42,0,0,0
30-Nov-13,0.58,5.1,0,0
01-Dec-13,0.03,0.06,0.04,0
02-Dec-13,1.01,4.21,2.96,4.37
03-Dec-13,0.39,0,0.94,0.1
04-Dec-13,0.02,0,0,0
05-Dec-13,0,0,0,0
06-Dec-13,0,0,0,0
07-Dec-13,0,0,0,0
08-Dec-13,0,0,0,0
09-Dec-13,0.03,0,0,0
10-Dec-13,0,0,0,0
11-Dec-13,0,0,0,0
12-Dec-13,0,0,0,0
13-Dec-13,0.07,0,0,0
14-Dec-13,0,0,0,0
15-Dec-13,0,0,0,0
16-Dec-13,0,0,0,0
17-Dec-13,0,0,0,0
18-Dec-13,0,0,0,0
19-Dec-13,0,0,0,0
20-Dec-13,0,0,0,0
21-Dec-13,0,0,0,0
22-Dec-13,0,0,0,0
23-Dec-13,0,0,0,0
24-Dec-13,0,0,0,0
25-Dec-13,0,0,0,0
26-Dec-13,0,0,0,0
27-Dec-13,0,0,0,0
28-Dec-13,0,0,0,0
29-Dec-13,0,0,0,0
30-Dec-13,0,0,0,0
31-Dec-13,0,0,0,0
01-Jan-14,0,0,0,0
02-Jan-14,0,0,0,0
03-Jan-14,0,0,0,0
04-Jan-14,0,0,0,0
05-Jan-14,0,0,0,0
06-Jan-14,0,0,0,0
07-Jan-14,0,0,0,0
08-Jan-14,0,0,0,0
09-Jan-14,0.03,0,0,0
10-Jan-14,0,0,0,0
11-Jan-14,0,0,0,0
12-Jan-14,0,0,0,0
13-Jan-14,0,0,0,0
14-Jan-14,0,0,0,0
15-Jan-14,0,0,0,0
16-Jan-14,0,0.14,0,0
17-Jan-14,0.13,0.11,0,0
18-Jan-14,0,1.12,0,0
19-Jan-14,0,0,0,0
20-Jan-14,0,0,0,0
21-Jan-14,0,0,0,0
22-Jan-14,0,0,0,0
23-Jan-14,0,0,0,0
24-Jan-14,0,0,0,0
25-Jan-14,0,0,0,0
26-Jan-14,0,0,0,0
27-Jan-14,0,0,0,0
28-Jan-14,0,0,0,0
29-Jan-14,0,0,0,0
30-Jan-14,0,0,0,0
31-Jan-14,0,0,0,0
01-Feb-14,0,0,0,0
02-Feb-14,0,0,0,0
03-Feb-14,0,0,0,0
04-Feb-14,0,0,0,0
05-Feb-14,0,0,0,0
06-Feb-14,0,0,0,0
07-Feb-14,0,0,0,0
08-Feb-14,0,0,0,0
09-Feb-14,0,0,0,0
10-Feb-14,0,0,0,0
11-Feb-14,0,0,0,0
12-Feb-14,0,0,0,0
13-Feb-14,0,0,0,0
14-Feb-14,0,0,0,0
15-Feb-14,0,0,0.02,0
16-Feb-14,0,0,0,0
17-Feb-14,0,0,0,0
18-Feb-14,0,0,0,0
19-Feb-14,0,0,0,0
20-Feb-14,0,0,0,0
21-Feb-14,0,0,0,0
22-Feb-14,2.02,0.42,1.35,0.12
23-Feb-14,0,0,0,0
24-Feb-14,0,0,0,0
25-Feb-14,0.05,0,0,0
26-Feb-14,0,0,0.79,0.05
27-Feb-14,0,0,0,0
28-Feb-14,0,0.32,0,0.62
01-Mar-14,0.26,0.53,0.06,0
02-Mar-14,2.1,0.47,10.21,1.44
03-Mar-14,0.31,0,0.6,0
04-Mar-14,0.96,0.19,1.31,2.35
05-Mar-14,1.4,0.53,0.48,0.08
06-Mar-14,0,0,0.86,0.38
07-Mar-14,4.89,2.01,2.61,0
08-Mar-14,4.88,1.92,8.6,5.57
09-Mar-14,0,0,0.04,0.09
10-Mar-14,0.04,2.72,0.42,2.67
11-Mar-14,0,0,0,0
12-Mar-14,0,0,0,0
13-Mar-14,0,0,0,0
14-Mar-14,0,0,0,0
15-Mar-14,0,0,0,0
16-Mar-14,0,0,0,0
17-Mar-14,0,0,0,0
18-Mar-14,0,0,0,0
19-Mar-14,0,0,0,0
20-Mar-14,0,0,0,0
21-Mar-14,0,0,0,0
22-Mar-14,0,0,0,0
23-Mar-14,0.14,0.91,0,0.05
24-Mar-14,0,0.5,0,0
25-Mar-14,0,0,0,0
26-Mar-14,0,0,0,0
27-Mar-14,0,0,0,0
28-Mar-14,0,0,0,0
29-Mar-14,0,0,0,0
30-Mar-14,0,0,0,0
31-Mar-14,0,0,0,0
01-Apr-14,0,0,0,0
02-Apr-14,0.21,7.88,0.03,1.33
03-Apr-14,0.96,0.92,0.82,1.28
04-Apr-14,0,0,0,0
05-Apr-14,0,0,0,0
06-Apr-14,0,0.22,0,0
07-Apr-14,0,0.19,0,0.01
08-Apr-14,0,0,0,0
09-Apr-14,12.64,3.49,3.01,2.51
10-Apr-14,0.41,2.88,0.75,2.91
11-Apr-14,4.76,2.17,3.35,1.57
12-Apr-14,4.56,3.95,4.51,1.55
13-Apr-14,4.72,1.36,4.24,0.31
14-Apr-14,0.41,3.08,0.96,2.73
15-Apr-14,1.45,12.91,2.22,5.74
16-Apr-14,2.46,2.87,3.03,3.35
17-Apr-14,2,1.59,0.01,0.97
18-Apr-14,1.73,3.24,1.26,6.29
19-Apr-14,4.43,6.9,6.31,27.96
20-Apr-14,4.98,1.73,3.47,3.6
21-Apr-14,0,0.19,0,0
22-Apr-14,0,0,0,0
23-Apr-14,0,0,0,0
24-Apr-14,0,0,0,0
25-Apr-14,0,0,0,0
26-Apr-14,0.01,0,0.16,4.54
27-Apr-14,1.03,7.53,0.98,8.14
28-Apr-14,0.78,2.39,1.58,1.53
29-Apr-14,0,3.35,0,0
30-Apr-14,0.46,2.32,0.02,1.36
01-May-14,4.91,8.13,0.05,2.15
02-May-14,10.77,12.14,4.62,9.75
03-May-14,17.97,25.16,3.29,21.98
04-May-14,5.22,13.52,3.7,9.93
05-May-14,5.28,1.74,2.2,1.76
06-May-14,0.17,0.49,0.76,0.14
07-May-14,4.57,1.81,3.8,1.77
08-May-14,2.32,3.55,4.05,3.05
09-May-14,32.12,72.3,25.52,43.41
10-May-14,0.17,0.66,0.05,0.61
11-May-14,0.14,0.23,0.43,8.66
12-May-14,1.68,5.06,0,0.46
13-May-14,0.23,0,0.22,0
14-May-14,0.06,0,0.36,0
15-May-14,0.03,0,0,0
16-May-14,0.06,0.15,0,0
17-May-14,0,0,0,0.08
18-May-14,4.15,0.94,10.45,9.97
19-May-14,0,2.94,1.88,0.51
20-May-14,2.47,5.28,0.84,2.56
21-May-14,8.39,0.92,5.86,4.47
22-May-14,1.17,0.62,0.69,2.33
23-May-14,0.39,1.38,2.21,6.91
24-May-14,0.85,1.4,0.06,0.05
25-May-14,0,0,0.39,0
26-May-14,0,0,0,0
27-May-14,0.08,0,0.18,0.01
28-May-14,13.99,3.1,16.2,4.6
29-May-14,8.79,9.69,7.85,22.87
30-May-14,10.82,5.7,6.22,2.34
31-May-14,4.05,2.03,7.29,8.18
01-Jun-14,13.62,10.32,9.92,4
02-Jun-14,0.04,0,0.13,0
03-Jun-14,36.03,25.87,44.17,19.89
04-Jun-14,0,0,0,0
05-Jun-14,0.01,0.02,3.92,0.45
06-Jun-14,1.96,1.95,6.08,2.89
07-Jun-14,1.26,0.91,0.09,0.64
08-Jun-14,0,0.27,0,0
09-Jun-14,0.01,2.18,0,0.4
10-Jun-14,0.01,2.1,0,0.29
11-Jun-14,0.08,4.62,0.39,0.6
12-Jun-14,0.16,3.64,0.85,1.81
13-Jun-14,0.38,3.3,0.43,2.54
14-Jun-14,0.18,2.32,1.21,0.85
15-Jun-14,0.01,1.7,0.25,1.48
16-Jun-14,0,1.74,0,0.61
17-Jun-14,0.04,8.97,1.85,1.64
18-Jun-14,0.32,6.02,0.28,1.82
19-Jun-14,1.15,22.12,3.28,9.15
20-Jun-14,4.16,37.2,1.66,7.21
21-Jun-14,1.78,18.86,2.84,2.32
22-Jun-14,3.04,17.31,2.5,3.36
23-Jun-14,0,3.98,0.85,0.56
24-Jun-14,0.63,1.61,0.53,0.31
25-Jun-14,0,1.04,0,0.05
26-Jun-14,0,0.73,0.16,0.01
27-Jun-14,0,0,0,0
28-Jun-14,1.49,0,1.95,0.35
29-Jun-14,0.42,1.42,1.05,1.46
30-Jun-14,0.11,2.81,2.59,0.41
01-Jul-14,7.81,5.38,12.98,5.25
02-Jul-14,6.67,12.31,7.75,6.13
03-Jul-14,0,0.44,0.62,0.06
04-Jul-14,0,0.21,0.06,0.02
05-Jul-14,2.1,1.7,4.95,2.23
06-Jul-14,20.96,5.65,8.77,8.01
07-Jul-14,0.13,1.65,5.57,0.64
08-Jul-14,3.84,2.82,2.87,2.91
09-Jul-14,0.34,2.13,1.45,0.53
10-Jul-14,2.02,12.28,2.53,2.59
11-Jul-14,2.38,21.27,2.8,6.74
12-Jul-14,2.66,12.99,2.23,5.38
13-Jul-14,9.17,54.18,5.03,10.21
14-Jul-14,7.48,37,12.22,11.57
15-Jul-14,6.97,39.46,2.04,7.41
16-Jul-14,3.67,25.55,3.48,9.7
17-Jul-14,2.59,18.45,1.85,8.24
18-Jul-14,0.82,11.57,0.99,4.3
19-Jul-14,1.34,35.09,5.26,9.19
20-Jul-14,4.15,26.34,5.71,11.31
21-Jul-14,1.73,16.79,4.28,8.6
22-Jul-14,1.81,29.42,7.15,12.4
23-Jul-14,3.89,23.4,7.99,11.19
24-Jul-14,9.04,41.62,5.87,14.15
25-Jul-14,1.91,13.73,3.7,5.53
26-Jul-14,2.42,10.53,7.95,5.19
27-Jul-14,2.05,10.06,3.22,3.13
28-Jul-14,2.32,12.6,2.63,5.98
29-Jul-14,0.59,7.46,3.79,7.9
30-Jul-14,1.07,7.51,0.59,3.33
31-Jul-14,2.52,22.49,10.27,9.77
01-Aug-14,9.24,40.42,10.37,11.25
02-Aug-14,3.1,26.14,6.78,7.78
03-Aug-14,1.92,17.05,3.36,4.34
04-Aug-14,1.62,12.68,6.31,5.76
05-Aug-14,8.43,29.1,5.75,10.24
06-Aug-14,7.58,32.6,7.35,11.43
07-Aug-14,5.64,33.46,7.01,13.43
08-Aug-14,2.3,8.24,1.32,1.66
09-Aug-14,4.95,9.1,3.92,1.46
10-Aug-14,1.56,5.68,1.3,3.98
11-Aug-14,0.27,4.07,1.23,0.82
12-Aug-14,7.56,16.76,6.25,4.22
13-Aug-14,0.24,2.16,2.24,0.75
14-Aug-14,0.22,3.71,1.46,0.79
15-Aug-14,9.54,4.96,8.06,4.2
16-Aug-14,0.73,0.48,1.33,0.19
17-Aug-14,0.17,0.73,0.03,0.01
18-Aug-14,5.16,1.52,4.02,2.19
19-Aug-14,19,23.56,14.7,22.16
20-Aug-14,0.78,3.43,4.58,8.24
21-Aug-14,3.6,7.56,13.29,12.22
22-Aug-14,7.4,5.62,5.99,6.87
23-Aug-14,35.69,7.98,20.56,8.99
24-Aug-14,2.65,3.53,1.76,0.13
25-Aug-14,0.15,2.81,1.55,1.33
26-Aug-14,0.05,1.72,1.15,0.78
27-Aug-14,0,0.51,1.85,0.19
28-Aug-14,1.41,5.64,2.47,2.54
29-Aug-14,1.38,9,2.59,1.7
30-Aug-14,5.4,14.01,2.54,2.37
31-Aug-14,6.21,28.83,3.33,3.99
01-Sep-14,3.99,20.54,2.89,6.82
02-Sep-14,6.93,29.53,1.04,3.81
03-Sep-14,0.23,5.92,0.28,0.81
04-Sep-14,0.69,18.79,1.77,5.5
05-Sep-14,0.54,8.08,0.53,2.53
06-Sep-14,1.06,5.53,1.94,1.72
07-Sep-14,1.45,18.54,4.08,2.9
08-Sep-14,2.06,1.68,0.45,0.43
09-Sep-14,0.71,6.07,0.71,0.35
10-Sep-14,0.67,1.67,0.15,0.27
11-Sep-14,0.23,2.49,0.83,0.08
12-Sep-14,0,0.35,0.68,0.15
13-Sep-14,2.28,0.83,0.63,0.3
14-Sep-14,0.29,2.35,0.7,0.89
15-Sep-14,4.88,5.9,1.03,3.57
16-Sep-14,0.88,1.34,3.86,5.55
17-Sep-14,0.35,2.95,0.63,1.23
18-Sep-14,0.17,0.13,0.29,0.19
19-Sep-14,0,2.3,0.17,0.22
20-Sep-14,6.25,1.34,6.2,7.03
21-Sep-14,1.91,1.05,3.66,2.39
22-Sep-14,0.01,0.46,0,0.81
23-Sep-14,37.77,36.15,18.47,2.53
24-Sep-14,25.43,12.99,21.65,13.25
25-Sep-14,23.32,16.99,25.94,46.23
26-Sep-14,24.71,14.54,35.31,42.62
27-Sep-14,3.73,8.27,9.98,5.38
28-Sep-14,0.08,0.71,0.99,1.26
29-Sep-14,16.57,16.83,35.6,40.05
30-Sep-14,2.14,8.48,1.64,0.63
01-Oct-14,6.15,1.86,1.99,6.08
02-Oct-14,0.01,0.62,0,0.02
03-Oct-14,0,0,0,0
04-Oct-14,0.05,1.47,0,0.34
05-Oct-14,0.99,1.34,1.41,0.06
06-Oct-14,29.65,25.24,18.94,3.08
07-Oct-14,4.41,9.85,5.66,16.31
08-Oct-14,6.3,1.74,26.14,10.35
09-Oct-14,3.84,7.52,10.55,12.99
10-Oct-14,3.98,2.83,1.92,4.78
11-Oct-14,7.6,7.93,6.55,5.99
12-Oct-14,11.78,4.28,1.11,6.42
13-Oct-14,8.04,1.34,10.6,0.39
14-Oct-14,0,0.02,0,0
15-Oct-14,0.62,0.12,0,0
16-Oct-14,3.14,2.67,0.39,3.51
17-Oct-14,0.07,0.47,0.08,0.72
18-Oct-14,10.38,5.52,10,2.53
19-Oct-14,5.36,3.4,7.59,8.48
20-Oct-14,6.19,2.7,7.51,8.05
21-Oct-14,4.43,4.56,3.43,6.77
22-Oct-14,5.08,1.18,3.67,3.15
23-Oct-14,2.42,0.88,6.16,2.51
24-Oct-14,4.69,5.45,7.56,5.94
25-Oct-14,1.87,4.03,5.41,8.66
26-Oct-14,13.46,7.8,14.55,14.07
27-Oct-14,12.34,2.24,16.89,24.34
28-Oct-14,16.68,11.17,12.55,13.63
29-Oct-14,1.92,1.53,1.85,0.05
30-Oct-14,0.05,0.03,0,0
31-Oct-14,0,0,0,0
01-Nov-14,0,0,0,0
02-Nov-14,1.67,0.37,0.55,0
03-Nov-14,0.43,1.6,0.05,0.01
04-Nov-14,0,0,0,0
05-Nov-14,0,0,0,0
06-Nov-14,0,0,0,0
07-Nov-14,0,0.05,0,0
08-Nov-14,0,0,0,0
09-Nov-14,0.04,0,0,0
10-Nov-14,0,0,0,0.02
11-Nov-14,0.02,0.13,1.44,0.3
12-Nov-14,0.1,3.42,0.01,0.51
13-Nov-14,0.11,0.46,0.69,0.23
14-Nov-14,1.25,0.96,4.97,3.93
15-Nov-14,2.23,5.43,4.71,4.04
16-Nov-14,0,0,0.39,0.01
17-Nov-14,0.06,0,0.17,0
18-Nov-14,0,0,0,0
19-Nov-14,0.02,0,0,0
20-Nov-14,0,0,0,0
21-Nov-14,0.32,0,0,0
22-Nov-14,0,0,0,0
23-Nov-14,0.08,0,0,0
24-Nov-14,0.01,0,0,0
25-Nov-14,0,0,0,0
26-Nov-14,0,0,0,0
27-Nov-14,0,0,0,0
28-Nov-14,0.02,0,0,0
29-Nov-14,0.02,0,0,0
30-Nov-14,0,0,0,0
01-Dec-14,0.02,0,0,0
02-Dec-14,0.02,0,0,0
03-Dec-14,0,0,0,0
04-Dec-14,0,0,0,0
05-Dec-14,0,0,0,0
06-Dec-14,0,0,0,0
07-Dec-14,0,0,0,0
08-Dec-14,1.82,0.33,0.16,0
09-Dec-14,0.06,4,0,1.56
10-Dec-14,0.02,0.03,0,0
11-Dec-14,10.35,10.59,15.16,8.96
12-Dec-14,0.8,2.5,0.17,0.35
13-Dec-14,0.77,0.96,1.39,0.16
14-Dec-14,5.95,5.33,0.51,1.43
15-Dec-14,0.02,0.33,1.38,0.18
16-Dec-14,0.89,2.95,0.03,3.14
17-Dec-14,0,0,0,0
18-Dec-14,0,0,0,0
19-Dec-14,0.11,0,0,0
20-Dec-14,0.05,0,0.18,0
21-Dec-14,0,0,0,0
22-Dec-14,0,0,0,0
23-Dec-14,0,0,0,0
24-Dec-14,0,0,0,0
25-Dec-14,0,0,0,0
26-Dec-14,0,0,0,0
27-Dec-14,0,0,0,0
28-Dec-14,0,0,0,0
29-Dec-14,0,0,0,0
30-Dec-14,0.17,0.21,0,0.04
31-Dec-14,0.02,0.23,0,0
01-Jan-15,0.4,0,0.83,0
02-Jan-15,0,0.12,0,0
03-Jan-15,0,0,0.82,0
04-Jan-15,0,0,0,0
05-Jan-15,0,0,0,0
06-Jan-15,0,0,0,0
07-Jan-15,0,0,0,0
08-Jan-15,0,0,0,0
09-Jan-15,0,0,0,0
10-Jan-15,0,0,0,0
11-Jan-15,0,0,0,0
12-Jan-15,0,0,0,0
13-Jan-15,0,0,0,0
14-Jan-15,0,0,0,0
15-Jan-15,0,0,0,0
16-Jan-15,0,0,0,0
17-Jan-15,0,0,0,0
18-Jan-15,0,0,0,0
19-Jan-15,0,0,0,0
20-Jan-15,0,0,0,0
21-Jan-15,0.43,1.14,0,0.46
22-Jan-15,0,0,0,0
23-Jan-15,0,0,0,0
24-Jan-15,0,0,0,0
25-Jan-15,0,0,0,0
26-Jan-15,0,0,0,0
27-Jan-15,0,0,0,0
28-Jan-15,0,0,0,0
29-Jan-15,0,0,0,0
30-Jan-15,0,0,0,0
31-Jan-15,0,0,0,0
01-Feb-15,0,0,0,0
02-Feb-15,0,0,0,0
03-Feb-15,0,0,0,0
04-Feb-15,0,0,0,0
05-Feb-15,0,0,0,0
06-Feb-15,0,0,0,0
07-Feb-15,0,0,0,0
08-Feb-15,0,0,0,0
09-Feb-15,0,0,0,0
10-Feb-15,0,0,0,0
11-Feb-15,0,0,0,0
12-Feb-15,0,0,0,0
13-Feb-15,0,0,0,0
14-Feb-15,0,0,0,0
15-Feb-15,0,0,0,0
16-Feb-15,0,0,0,0
17-Feb-15,0,0,0,0
18-Feb-15,0,0,0,0
19-Feb-15,0,0.11,0,0
20-Feb-15,0,1.95,0,0
21-Feb-15,0,0,0,0
22-Feb-15,0,0,0,0
23-Feb-15,0,0,0,0
24-Feb-15,0,0,0,0
25-Feb-15,0,0,0,0
26-Feb-15,0,0,0,0
27-Feb-15,0,0,0,0
28-Feb-15,0.05,0.12,0,0
01-Mar-15,0.95,0,1.04,0.13
02-Mar-15,0.81,0.11,0.07,0.01
03-Mar-15,0.41,0,0.01,0
04-Mar-15,2.35,0.01,3.93,0.33
05-Mar-15,2.22,0.21,0.36,0.03
06-Mar-15,0.73,1.86,0,0.01
07-Mar-15,13.91,6.58,8.01,10.01
08-Mar-15,1.18,2.89,0.32,7.1
09-Mar-15,0.09,5.27,4.8,4.77
10-Mar-15,0,0.45,0,0.69
11-Mar-15,0,0,0,0
12-Mar-15,0,0,0,0
13-Mar-15,0,0,0,0
14-Mar-15,0,0,0,0
15-Mar-15,0.98,7.59,0,0.37
16-Mar-15,1.18,4.15,1.21,4.96
17-Mar-15,0,0.09,0,0.07
18-Mar-15,0,0,0,0
19-Mar-15,0,0,0,0
20-Mar-15,0,0,0,0
21-Mar-15,0,0,0,0
22-Mar-15,0,0,0,0
23-Mar-15,0,0,0,0
24-Mar-15,0,0,0,0
25-Mar-15,0,0,0,0
26-Mar-15,0,0,0,0
27-Mar-15,0,0,0,0
28-Mar-15,0,0,0,0
29-Mar-15,0,0.26,0,0.01
30-Mar-15,0,0,0,0
31-Mar-15,0,0.62,1.37,0.05
01-Apr-15,4.08,7.44,4.73,8.12
02-Apr-15,3.21,4.53,1.85,2.55
03-Apr-15,0.41,0.58,0.01,0.07
04-Apr-15,6.44,2.22,0.17,0
05-Apr-15,0,0.01,0.04,0
06-Apr-15,0.18,1.45,1.98,0.59
07-Apr-15,2.21,1.95,0,1.7
08-Apr-15,1.43,1.91,1.74,2.79
09-Apr-15,1.26,0.41,0,2.14
10-Apr-15,0,0.01,0.29,0.15
11-Apr-15,0.45,7.1,0.01,9.16
12-Apr-15,5.62,12.43,1.45,2.99
13-Apr-15,6.51,18.97,6.71,13.49
14-Apr-15,5.54,2.93,5.66,2.33
15-Apr-15,2.75,0.71,2.63,0.57
16-Apr-15,2.36,0.45,1.24,0.08
17-Apr-15,6.63,3.62,7.75,3.84
18-Apr-15,0.09,0,0.06,0.35
19-Apr-15,0.09,0.03,0,0
20-Apr-15,0.03,0,0,0.01
21-Apr-15,0,0.57,0,0
22-Apr-15,1.8,8.29,1.94,8.9
23-Apr-15,0.28,0.14,0.51,2.15
24-Apr-15,10.17,13.66,8.33,5.75
25-Apr-15,6.14,6.2,4.22,8.44
26-Apr-15,13.92,5.53,4.74,8.02
27-Apr-15,2.94,14.78,2.82,5.81
28-Apr-15,0,0,0,0.02
29-Apr-15,0.39,1.71,0.52,1.63
30-Apr-15,7.15,8.83,6.35,5.16
01-May-15,2.44,8.29,9.32,5.88
02-May-15,6.05,1.55,3.56,2.39
03-May-15,7.43,13.01,7.47,11.43
04-May-15,0.05,0.7,0.08,1.34
05-May-15,2.89,4.84,2.7,2.63
06-May-15,0.12,5.98,0,0.1
07-May-15,3.02,5.36,2.57,5.24
08-May-15,0.38,2.18,1.79,2.37
09-May-15,1.24,2.17,3.43,0.8
10-May-15,0.03,0,0.98,1.42
11-May-15,6.69,9.23,1.99,3.37
12-May-15,6.44,3.25,1.87,0.51
13-May-15,16.48,15.42,19,14.64
14-May-15,6.69,13.48,8.57,5.51
15-May-15,5.43,14.35,3.24,1.25
16-May-15,8.52,6.89,6.32,21.23
17-May-15,19.35,15.92,6.04,8.35
18-May-15,27.64,7.27,22.9,4.44
19-May-15,1.9,5.96,8.12,8.19
20-May-15,10.33,13.02,17.49,5.34
21-May-15,0.55,0.24,0.04,0.15
22-May-15,0,0,0,0
23-May-15,0,0,0,0
24-May-15,0,0,0.03,0.64
25-May-15,4.25,0.38,0.05,0
26-May-15,0,0,0,0
27-May-15,0,0,0,0
28-May-15,12.4,5.17,14.99,3.01
29-May-15,0.02,0.55,0.24,0.04
30-May-15,17.63,12.08,11.48,21.29
31-May-15,0.68,0,0.06,0
01-Jun-15,10.56,12.34,8.78,28.46
02-Jun-15,9.49,2.34,11.55,7.26
03-Jun-15,1.49,14.27,0.79,7.58
04-Jun-15,17.82,3.15,7.76,0.24
05-Jun-15,14.69,19.61,9,7.63
06-Jun-15,1.57,5.29,0.12,3.49
07-Jun-15,0.01,0.43,0,0
08-Jun-15,0.47,3.34,0.9,0.54
09-Jun-15,0.1,2.19,0.59,0.71
10-Jun-15,1.23,5.73,3.79,5.19
11-Jun-15,0.02,0,1.34,0.12
12-Jun-15,0.17,1.88,0.46,4.95
13-Jun-15,0.77,4.06,0.59,2.79
14-Jun-15,1.67,8.51,2.89,3.58
15-Jun-15,0.52,2.29,1.15,1.1
16-Jun-15,1.29,7.95,0.3,0.96
17-Jun-15,4.54,6.55,1.13,1.15
18-Jun-15,1.93,6.92,3.65,1.55
19-Jun-15,5.68,14.58,1.6,5.74
20-Jun-15,8.86,43.1,5.79,19.53
21-Jun-15,7.71,49.71,5.93,17.55
22-Jun-15,9.11,72.36,3.82,18.76
23-Jun-15,7.53,40.85,3.79,12.56
24-Jun-15,6.64,53.53,4.54,18.87
25-Jun-15,2.1,29.84,7.32,10.77
26-Jun-15,14.88,75.4,15.46,23.22
27-Jun-15,7.22,42.45,2.02,3.35
28-Jun-15,0.13,3.45,1.96,0.84
29-Jun-15,0.02,1.06,1.78,0.64
30-Jun-15,4.59,5.55,6.86,0.55
01-Jul-15,0.93,1.42,0.22,0.66
02-Jul-15,0.39,1.07,1.1,0.18
03-Jul-15,0.73,5.41,0.86,0.69
04-Jul-15,0.37,3.43,0.09,0.14
05-Jul-15,0.02,2.01,0.25,0.16
06-Jul-15,0,2.63,0,0.03
07-Jul-15,0.22,0.32,0.09,0.06
08-Jul-15,0.27,4.38,3.2,1.46
09-Jul-15,0.47,12.17,2.88,1.44
10-Jul-15,0.44,6.47,2.06,1.24
11-Jul-15,0.21,12.75,2.19,1.81
12-Jul-15,1.19,6.84,1.73,1.23
13-Jul-15,0.11,4.09,0.36,3.89
14-Jul-15,0.03,1.79,0.29,1.96
15-Jul-15,0.34,5.85,0.18,0.5
16-Jul-15,1.8,3.75,0.83,0.71
17-Jul-15,0.56,8.97,1.91,1.2
18-Jul-15,1.45,25.21,7.52,3.66
19-Jul-15,2.25,17.35,5.88,5.52
20-Jul-15,4.44,26.42,9.97,10.26
21-Jul-15,1.09,10.44,1.69,1
22-Jul-15,1.47,5.52,1.01,0.67
23-Jul-15,2.98,8.31,5.78,3.86
24-Jul-15,2.26,9.68,1.35,5.35
25-Jul-15,0.12,3.55,0.15,0.52
26-Jul-15,1.36,7.47,1.62,2.3
27-Jul-15,0.83,7.1,1.18,1.61
28-Jul-15,0.49,9.18,0.53,1.3
29-Jul-15,0,0.35,0.65,0.76
30-Jul-15,0,0.02,0.17,0.03
31-Jul-15,0,1.73,0.76,0.16
01-Aug-15,0.44,3.11,1.81,2.53
02-Aug-15,5.62,4.03,8.08,7.64
03-Aug-15,0.07,1.19,2.7,2.36
04-Aug-15,2.66,6.62,3.82,2.31
05-Aug-15,0.7,7.14,1.89,1.99
06-Aug-15,3.69,13.46,2.84,2.6
07-Aug-15,1.32,17.72,1.51,5.51
08-Aug-15,0.85,10.03,1.24,3.02
09-Aug-15,0.22,5.31,1.43,0.88
10-Aug-15,1.3,8.07,0.48,0.87
11-Aug-15,0.65,7.8,1.8,2.98
12-Aug-15,1.84,6.2,3.49,2.28
13-Aug-15,2.17,8.82,3.07,5.45
14-Aug-15,0.87,6.48,1.72,3.15
15-Aug-15,0.23,3.83,0.91,0.59
16-Aug-15,1.1,14,7.59,5.84
17-Aug-15,15.95,2.51,32.55,3.32
18-Aug-15,8.52,12.33,2.09,6.81
19-Aug-15,16.57,21.75,8.74,24.09
20-Aug-15,1.73,0.73,3.29,2.06
21-Aug-15,0.67,1.29,0.69,3.36
22-Aug-15,12.5,11.21,9.79,4.5
23-Aug-15,24.31,10.54,19.28,18.9
24-Aug-15,4.32,6.6,2.28,1.86
25-Aug-15,0.38,3.34,2.45,3.43
26-Aug-15,0,0.72,0.01,0
27-Aug-15,0.09,2.65,3.22,3.02
28-Aug-15,0.39,1.83,5.79,9.13
29-Aug-15,0,0.03,0,0
30-Aug-15,0.1,0.56,0.06,0.12
31-Aug-15,0.02,0.43,0.17,1.05
01-Sep-15,0,2.68,0.06,0.01
02-Sep-15,0.08,0.71,0,0.37
03-Sep-15,1,0.52,0.02,0
04-Sep-15,1.94,1.22,7.65,0.43
05-Sep-15,1.71,5.49,8.45,8.61
06-Sep-15,13.23,23.09,4.67,18.2
07-Sep-15,7.82,13.72,25.14,16.08
08-Sep-15,5.87,27.9,20.24,30.3
09-Sep-15,0.33,4.35,0.13,1.15
10-Sep-15,0.97,2.1,0.55,0.7
11-Sep-15,2.68,5.89,3.01,1.45
12-Sep-15,0.02,1.13,0,0.07
13-Sep-15,0.11,1.69,1.14,0.1
14-Sep-15,0.01,0.95,0,0.07
15-Sep-15,0.01,0.96,0.91,0.56
16-Sep-15,0.1,7.58,3.69,0.79
17-Sep-15,0.15,2.96,0,0.13
18-Sep-15,0.01,0.01,0.2,0.1
19-Sep-15,0.14,4.31,0.64,2.13
20-Sep-15,0.02,6.58,1.66,1.33
21-Sep-15,0.62,1.91,2.82,0.56
22-Sep-15,0,0.25,0,0.25
23-Sep-15,0.02,0.06,0.02,0.02
24-Sep-15,7.52,3.15,0.29,0.02
25-Sep-15,37.79,29.52,29.09,31.13
26-Sep-15,6.79,2.3,14.68,3.89
27-Sep-15,0.06,0.57,0.07,5.57
28-Sep-15,13.7,19.86,18.51,16.43
29-Sep-15,5.44,4.81,1.51,3.85
30-Sep-15,4.81,17.46,10.19,7.1
01-Oct-15,2.12,6.02,3.04,4.86
02-Oct-15,10.14,5.65,4.88,2.3
03-Oct-15,0.12,1.63,0.28,1.67
04-Oct-15,0.44,2.37,4.32,1.73
05-Oct-15,10.7,10.65,24.18,22.26
06-Oct-15,28.87,19.1,23.06,13.89
07-Oct-15,0.77,3.79,2.74,3.33
08-Oct-15,1.08,5.27,2.24,0.53
09-Oct-15,0.56,8.34,0.31,1.07
10-Oct-15,0.45,2.35,0.03,1.09
11-Oct-15,0.6,1.48,0.05,0.17
12-Oct-15,23.17,3.49,22.63,19.19
13-Oct-15,0.16,0.81,0.61,0.05
14-Oct-15,0,0,0,0.02
15-Oct-15,0,0,0,0
16-Oct-15,0,0,0,0
17-Oct-15,0,0.03,0,0
18-Oct-15,0,0,0,0.02
19-Oct-15,0.03,0,0,0.01
20-Oct-15,0.04,0.03,0.03,0.01
21-Oct-15,0,0.64,0.15,0.01
22-Oct-15,0,0.07,0,0.01
23-Oct-15,0,0,0,0
24-Oct-15,0,0,0,0
25-Oct-15,0,0,0,0
26-Oct-15,0,0,0,0
27-Oct-15,0,0,0,0.01
28-Oct-15,0.33,2.47,1.49,0.01
29-Oct-15,11.75,14.37,6.78,8.14
30-Oct-15,0.42,5.09,0.81,4.06
31-Oct-15,5.52,8.36,5.27,0.28
01-Nov-15,1.72,3.95,6.08,0.08
02-Nov-15,17.08,14.35,19.38,30.26
03-Nov-15,8.33,5.23,17.86,25.15
04-Nov-15,16.47,10.51,26.64,16.89
05-Nov-15,26.35,16.51,38.06,33.3
06-Nov-15,0.18,0.26,0,0
07-Nov-15,0.96,0.18,0,0
08-Nov-15,0.81,0.07,0.02,0
09-Nov-15,0.92,2,0,0
10-Nov-15,28.59,4.35,36.45,7.95
11-Nov-15,8.07,5.03,8.44,5.85
12-Nov-15,5.15,9.09,1.87,6.88
13-Nov-15,5.73,13.57,3.37,1.67
14-Nov-15,0.27,0.13,0,0.01
15-Nov-15,0.02,0.11,0,0
16-Nov-15,3.95,1.94,2.42,2.24
17-Nov-15,0.45,0.24,0.72,0.24
18-Nov-15,1.2,0.09,0.2,0
19-Nov-15,7.98,4.01,5.2,0.89
20-Nov-15,8.19,4.33,3.25,1
21-Nov-15,1.85,1.1,3.8,0.88
22-Nov-15,0.67,0.09,1.98,2
23-Nov-15,2.91,2.13,3.22,6.11
24-Nov-15,0.92,0.37,7.66,6
25-Nov-15,0.22,2.56,0,0.98
26-Nov-15,0,0,0,0
27-Nov-15,0,0,0,0
28-Nov-15,0,0.03,0,0
29-Nov-15,0,0,0,0
30-Nov-15,4.94,2.16,5.58,2.11
01-Dec-15,0.25,0.59,0.93,3.95
02-Dec-15,0.12,0.08,0.4,0.55
03-Dec-15,6.36,1.75,2.33,1.05
04-Dec-15,0,0,0.55,0.2
05-Dec-15,0,0,0,0
06-Dec-15,0.34,0,0.09,0
07-Dec-15,0.03,0,0,0
08-Dec-15,0.16,0,0,0
09-Dec-15,0.17,0,0.19,0
10-Dec-15,0.04,0,0.16,0
11-Dec-15,0.02,0,0,0
12-Dec-15,0.01,0.34,0,0
13-Dec-15,0.26,0.06,0,0
14-Dec-15,0.08,0,0,0.05
15-Dec-15,0.66,0.49,1.1,1.1
16-Dec-15,0.36,2.77,0,0.53
17-Dec-15,0,0,0,0
18-Dec-15,0,0,0,0
19-Dec-15,0,0,0,0
20-Dec-15,0.1,0,0,0
21-Dec-15,0,0,0,0
22-Dec-15,0,0,0,0
23-Dec-15,0,0,0,0
24-Dec-15,0,0,0,0
25-Dec-15,0,0,0,0
26-Dec-15,0,0,0,0
27-Dec-15,0,0,0,0
28-Dec-15,0,0,0,0
29-Dec-15,0,0,0,0
30-Dec-15,0,0,0,0
31-Dec-15,0,0,0,0
01-Jan-16,0,0,0,0
02-Jan-16,0,0,0,0
03-Jan-16,0,0,0,0
04-Jan-16,0,0,0,0
05-Jan-16,0,0,0,0
06-Jan-16,0,0,0,0
07-Jan-16,0,0,0,0
08-Jan-16,0,0,0,0
09-Jan-16,0,0,0,0
10-Jan-16,0,0,0,0
11-Jan-16,0,0,0,0
12-Jan-16,0,0,0,0
13-Jan-16,0,0,0,0
14-Jan-16,0,0,0,0
15-Jan-16,0,0,0,0
16-Jan-16,0,0,0,0
17-Jan-16,0,0,0,0
18-Jan-16,0,0,0,0
19-Jan-16,0.25,0.06,0.51,0.45
20-Jan-16,0.85,0.14,1.07,1.15
21-Jan-16,0,0,0.07,0.26
22-Jan-16,1.07,0.05,0.02,0
23-Jan-16,0,0,0,0
24-Jan-16,0,0,0,0
25-Jan-16,0.01,0,0,0
26-Jan-16,2.87,0.34,0,0
27-Jan-16,0.06,0,0,0
28-Jan-16,0,0,0,0
29-Jan-16,0,0,0,0
30-Jan-16,0,0,0,0
31-Jan-16,0,0,0,0
01-Feb-16,0,0,0,0
02-Feb-16,0,0,0,0
03-Feb-16,0,0,0,0
04-Feb-16,0,0,0,0
05-Feb-16,0,0,0,0
06-Feb-16,0,0,0,0
07-Feb-16,0,0,0,0
08-Feb-16,0,0,0,0
09-Feb-16,0,0,0,0
10-Feb-16,0,0,0,0
11-Feb-16,0.03,0.96,0.02,1.09
12-Feb-16,0.05,0.2,0.03,0.73
13-Feb-16,0,0,0,0.02
14-Feb-16,0,0,0,0
15-Feb-16,0,0,0,0
16-Feb-16,0,0,0,0
17-Feb-16,0,0,0,0
18-Feb-16,0,0,0,0
19-Feb-16,0,0,0,0
20-Feb-16,0,0,0,0
21-Feb-16,0,0,0,0
22-Feb-16,0,0,0,0
23-Feb-16,0,0,0,0
24-Feb-16,0,0,0,0
25-Feb-16,0.44,0.65,0,0.31
26-Feb-16,0.16,0.72,0.02,0.07
27-Feb-16,0,0.17,0,0
28-Feb-16,0,0,0,0
29-Feb-16,0.02,0,0,0
01-Mar-16,0,0,0,0
02-Mar-16,0,0,0,0
03-Mar-16,0,0,0,0
04-Mar-16,0,0,0,0
05-Mar-16,0,0,0,0
06-Mar-16,0,0,0,0
07-Mar-16,0,0,0,0
08-Mar-16,0,0.9,0,0
09-Mar-16,0,0,0,0
10-Mar-16,0,0,0,0
11-Mar-16,0,0,0,0
12-Mar-16,0,0,0,0
13-Mar-16,3.42,0.38,0,0
14-Mar-16,2.76,4.93,0,0.13
15-Mar-16,0.33,0.02,0.44,0.01
16-Mar-16,0.01,0,0,0
17-Mar-16,0,0,0,0
18-Mar-16,0,0,1.53,0
19-Mar-16,0,0,0.4,1.32
20-Mar-16,0,0.18,0.09,0
21-Mar-16,0,0,0,0
22-Mar-16,0,0,0,0
23-Mar-16,0,0.43,0,0
24-Mar-16,0,0.02,0,0
25-Mar-16,0,0.68,0,0
26-Mar-16,0,0,0,0
27-Mar-16,0,0,0,0
28-Mar-16,0,0,0,0
29-Mar-16,0,0,0,0
30-Mar-16,0.11,1.07,0,0
31-Mar-16,0.09,0.11,0.03,0.13
01-Apr-16,0,0,0,0.33
02-Apr-16,0.09,0.11,0.32,0.51
03-Apr-16,0,0.78,0.23,0.03
04-Apr-16,0.09,0,0,0
05-Apr-16,0,0.03,0,0
06-Apr-16,0.17,3.97,0.03,0
07-Apr-16,0.11,0,0,0
08-Apr-16,0.49,1.32,1.95,0.37
09-Apr-16,0.14,0,0,0.32
10-Apr-16,2.94,0.17,0.21,0.45
11-Apr-16,0.52,3.18,0.14,5.62
12-Apr-16,0,0.05,0,0.18
13-Apr-16,2.54,2.22,0.89,1.7
14-Apr-16,0,0,0,0
15-Apr-16,0.3,0.46,1.48,0.25
16-Apr-16,0.96,0.92,0.51,14.71
17-Apr-16,0.13,3.55,0,3.89
18-Apr-16,3.87,1.28,0.26,0.18
19-Apr-16,0,0,0,0
20-Apr-16,0.01,0,0,0
21-Apr-16,0.18,0,0,0.01
22-Apr-16,0.06,0.57,0,0.02
23-Apr-16,0,0,0.28,0
24-Apr-16,0,0,0,0
25-Apr-16,0.03,0,0,0
26-Apr-16,7.05,2.77,5.23,0.06
27-Apr-16,0.1,0.04,0,0
28-Apr-16,0,0.6,0,0
29-Apr-16,0,0,0,0
30-Apr-16,0,0,0,0
01-May-16,0.04,0.47,0,0.88
02-May-16,0.03,0,0,0
03-May-16,3.72,2.9,1.38,1.53
04-May-16,1.08,6.83,0.02,2.58
05-May-16,0.94,3.96,0,1.94
06-May-16,4.1,12.38,3.08,2.41
07-May-16,8.48,2.09,7.53,8.18
08-May-16,4.96,7.57,2.24,2.83
09-May-16,12.34,2.89,10.35,1.93
10-May-16,0,0.32,0,0.04
11-May-16,17.02,18.36,5.36,5.18
12-May-16,0.19,4.4,1.3,8.65
13-May-16,5.37,21.28,3.89,11.73
14-May-16,0.01,0.01,0.84,3.19
15-May-16,9.03,11.49,2.57,6.45
16-May-16,2.13,4.94,0.39,4.03
17-May-16,1.35,0.39,5.67,0.2
18-May-16,0.11,2.5,0.53,3.88
19-May-16,0.43,0.41,5.16,0.09
20-May-16,0.26,0.13,1.85,0.63
21-May-16,0.04,2.76,0.14,0.01
22-May-16,0,0,0,0
23-May-16,0,0,0,0
24-May-16,0,0,0,0
25-May-16,0.01,0.04,0.38,0.39
26-May-16,0.89,1.49,0.05,1.36
27-May-16,0,0.12,0.22,1.33
28-May-16,3.84,2.49,1.78,3.92
29-May-16,8.48,4.61,16.58,8.43
30-May-16,1.84,0.93,0.36,2.4
31-May-16,7.74,2.7,6.74,5.22
01-Jun-16,11.23,9.55,1.43,7.85
02-Jun-16,5.6,4.05,10.77,9.03
03-Jun-16,4.91,8.73,0.67,0.79
04-Jun-16,0.36,0.79,1.73,6.63
05-Jun-16,1.94,1.31,3.89,2.84
06-Jun-16,4.15,6.84,2.65,6.31
07-Jun-16,0.27,4.03,0.03,1.06
08-Jun-16,1.26,2.53,0.13,1.39
09-Jun-16,7.53,27.54,3.78,16.28
10-Jun-16,1.04,12.5,0.79,10.2
11-Jun-16,3.41,12.2,4.79,4.21
12-Jun-16,0.95,2.89,0.47,1.94
13-Jun-16,0.6,7.18,1.51,1.43
14-Jun-16,0.33,8.11,1.19,0.49
15-Jun-16,0.18,2.86,0.12,0.95
16-Jun-16,0.06,1.66,0.95,0.21
17-Jun-16,0.24,3.48,0.67,3.66
18-Jun-16,3.07,3.51,3.8,6.17
19-Jun-16,16.83,18.42,0.3,0.19
20-Jun-16,0.25,3.32,1.19,5.72
21-Jun-16,0.21,4.3,3.04,1.39
22-Jun-16,0.25,4.03,1.52,0.8
23-Jun-16,4.04,13.62,14.58,2.58
24-Jun-16,0.96,6.31,2.58,0.92
25-Jun-16,1.55,5.98,1.57,0.35
26-Jun-16,2.12,5.53,4.03,2.15
27-Jun-16,3.95,21.91,3.84,3.8
28-Jun-16,5.19,23.72,9.53,8.34
29-Jun-16,25.59,81.81,16.62,27.67
30-Jun-16,8.39,41.27,13.09,19.49
01-Jul-16,4.02,21.47,3.22,9.11
02-Jul-16,3.62,15.8,5.3,6.71
03-Jul-16,0.86,14.15,3.39,5.93
04-Jul-16,1.09,13.02,4.52,6.47
05-Jul-16,3.24,27.55,6.16,6.8
06-Jul-16,2.13,8.22,1.59,2.31
07-Jul-16,4.29,18.26,7.35,9.06
08-Jul-16,1.57,4.94,1.76,5.31
09-Jul-16,3.5,7.24,2.65,4.19
10-Jul-16,7.34,28.65,3.4,6.05
11-Jul-16,2.35,26.27,6.79,9.51
12-Jul-16,0.78,6.85,2.09,4.17
13-Jul-16,2.94,12.24,2.3,4.21
14-Jul-16,0.47,4,1.92,1.7
15-Jul-16,1.2,6.68,0.86,0.39
16-Jul-16,7.94,8.33,10.82,1.67
17-Jul-16,1.04,5.47,1.98,3.21
18-Jul-16,3.83,3.14,8.85,1.16
19-Jul-16,2.66,7.18,3.12,2.84
20-Jul-16,0.07,1.58,5.77,0.15
21-Jul-16,5.06,10.61,7.68,3.59
22-Jul-16,1.52,10.09,3.73,2.38
23-Jul-16,0.89,5.31,1.32,0.8
24-Jul-16,0.35,5.74,1.04,2.29
25-Jul-16,1.65,1.66,1.64,0.48
26-Jul-16,4.73,0.32,10.1,1.78
27-Jul-16,8.69,5.17,13.01,10.86
28-Jul-16,3.6,6.14,10.84,14.44
29-Jul-16,29.06,17.71,50.01,25.09
30-Jul-16,3.02,5.17,2.71,1.99
31-Jul-16,6.15,12.69,12.54,4.9
01-Aug-16,0.34,2.78,0.85,1.17
02-Aug-16,0.64,6.74,2.16,4.06
03-Aug-16,0.57,12.57,0.79,2.26
04-Aug-16,0.2,5.95,0.83,4.34
05-Aug-16,1.77,11.65,4.76,5.9
06-Aug-16,0.66,7.77,3.82,4.66
07-Aug-16,0.92,8.6,6.43,3.98
08-Aug-16,0.41,5.86,1.92,1.7
09-Aug-16,0.24,4.04,1.97,1.1
10-Aug-16,0.27,7.29,1.32,1.8
11-Aug-16,0.41,2.23,1.86,0.65
12-Aug-16,0.08,3.59,1.27,0.42
13-Aug-16,0.66,6.35,1.75,2.38
14-Aug-16,2.09,7.35,1.5,1.22
15-Aug-16,2.07,4.72,1.11,0.36
16-Aug-16,1.94,8.49,1.48,1.36
17-Aug-16,0.63,8.14,1.1,1.74
18-Aug-16,1.65,12.96,1.35,1.17
19-Aug-16,0.34,6.83,1.15,0.67
20-Aug-16,0.42,1.61,0.94,0.13
21-Aug-16,0.13,0.07,0,0
22-Aug-16,1.1,3.09,0.84,1.94
23-Aug-16,0.28,2.44,1.85,0.2
24-Aug-16,0.19,6.1,1.66,0.54
25-Aug-16,0.1,1.71,0.64,0.18
26-Aug-16,1.19,2.8,2.68,7.06
27-Aug-16,2.25,3.37,5.93,4.37
28-Aug-16,0.5,6.61,1.75,0.91
29-Aug-16,0.51,1.89,1.41,0.12
30-Aug-16,1.72,3.63,4.49,4.41
31-Aug-16,5.93,6.36,32.44,10.22
01-Sep-16,0.68,4.29,3.88,4.13
02-Sep-16,0.11,3.42,0.08,0.1
03-Sep-16,0.21,2.98,1.07,0.87
04-Sep-16,0.04,1.52,0.45,0.37
05-Sep-16,0.03,0.11,0.18,0.5
06-Sep-16,0,0.41,0.23,0.2
07-Sep-16,1.09,2.21,0.59,2.12
08-Sep-16,0.13,0.98,0.19,0.32
09-Sep-16,0.08,0.31,0.45,0.83
10-Sep-16,0.46,0.81,0,2.64
11-Sep-16,3.32,0.52,3.79,0.33
12-Sep-16,0.12,1.22,0.11,0.61
13-Sep-16,0.17,0.3,0.54,2.52
14-Sep-16,2.66,2.74,5.77,2.64
15-Sep-16,1.88,5.61,2.12,4.56
16-Sep-16,0.56,5.5,1.74,1.29
17-Sep-16,0.65,4.71,2.56,0.65
18-Sep-16,0.01,0.29,0.58,0.6
19-Sep-16,0.05,1.38,0.6,0.87
20-Sep-16,0.04,1.02,0.01,0.11
21-Sep-16,0.07,1.71,0.59,0.15
22-Sep-16,0.92,7.54,4.46,1.2
23-Sep-16,0.16,4.47,0.63,0.33
24-Sep-16,2.22,10.87,2.1,1.37
25-Sep-16,1.63,5.34,1.93,0.97
26-Sep-16,1.03,3.44,2.63,2.93
27-Sep-16,2.93,2.57,9.03,1.14
28-Sep-16,1.21,0.43,0.85,0.66
29-Sep-16,5.76,5.43,10.99,9.7
30-Sep-16,0.6,1.76,5.16,1.96
01-Oct-16,0.14,1.55,0,0.01
02-Oct-16,0,0.02,0,0
03-Oct-16,0,0,0,0
04-Oct-16,0,0,0.09,0.01
05-Oct-16,0.04,0,0.06,0.01
06-Oct-16,0,0.02,0,0.01
07-Oct-16,0,0,0,0
08-Oct-16,0,0.17,0,0.02
09-Oct-16,0.03,1.29,0,0.02
10-Oct-16,0,0.17,0,0.02
11-Oct-16,0,0.19,0,0
12-Oct-16,1.55,0.72,2.6,4.27
13-Oct-16,9,4.52,24.86,10.78
14-Oct-16,3.96,5.29,3.14,1.24
15-Oct-16,0.08,12.2,0,0.25
16-Oct-16,0,0,0,0
17-Oct-16,0,0,0,0
18-Oct-16,0,0,0,0
19-Oct-16,0.22,0,0,0
20-Oct-16,0,0,0,0
21-Oct-16,0.13,0,0,0
22-Oct-16,0.03,0,0,0
23-Oct-16,0,0,0,0
24-Oct-16,0,0.03,0,0
25-Oct-16,0,0,0,0
26-Oct-16,0,0,0,0
27-Oct-16,0,0,0,0
28-Oct-16,0,0,0,0
29-Oct-16,0,0,0,0
30-Oct-16,0,0,0,0
31-Oct-16,8.01,6.12,1.09,1.83
01-Nov-16,5.68,11.69,1.15,10.48
02-Nov-16,1.9,5,2.26,3.59
03-Nov-16,0.36,0,0.03,0
04-Nov-16,0.06,0.29,0,0
05-Nov-16,0,0,0,0
06-Nov-16,0,0,0,0
07-Nov-16,0,0,0,0
08-Nov-16,0,0,0,0
09-Nov-16,0,0,0,0
10-Nov-16,0,0,0,0
11-Nov-16,0,0,0,0
12-Nov-16,0,0,0,0
13-Nov-16,0,0,0,0
14-Nov-16,0,1.05,0,0
15-Nov-16,0.02,1.6,0,2.16
16-Nov-16,0,0,0,0.02
17-Nov-16,0,0.07,0,0.04
18-Nov-16,0,0.05,0,0.02
19-Nov-16,0,0,0,0
20-Nov-16,0,0,0,0
21-Nov-16,0,0,0,0
22-Nov-16,0,0,0,0
23-Nov-16,0,0,0,0
24-Nov-16,0,0,0,0
25-Nov-16,0,0,0,0
26-Nov-16,0,0,0,0
27-Nov-16,0,0,0,0
28-Nov-16,0,0,0,0
29-Nov-16,0,0,0,0
30-Nov-16,0,0,0,0
01-Dec-16,0,0,0,0
02-Dec-16,2.13,0.39,2.06,0.03
03-Dec-16,1.66,1.72,2.5,3.6
04-Dec-16,0.73,2.56,0.07,2.45
05-Dec-16,0,0,0.09,0
06-Dec-16,0.01,1.21,0,0.44
07-Dec-16,0,0,0,0
08-Dec-16,0,0,0,0
09-Dec-16,0,0,0,0
10-Dec-16,0,0,0,0
11-Dec-16,0.18,0.29,0,0.02
12-Dec-16,0,0,0,0
13-Dec-16,20.28,7.91,31.64,14.09
14-Dec-16,7.01,26,6.86,13.59
15-Dec-16,0.58,4.75,0.66,2.54
16-Dec-16,0.03,0,0,0
17-Dec-16,0.16,0.02,0,0
18-Dec-16,0,0,0,0
19-Dec-16,0,0,0,0
20-Dec-16,0,0,0,0
21-Dec-16,0.04,0,0,0
22-Dec-16,0,0,0,0
23-Dec-16,0,0,0,0
24-Dec-16,0,0,0,0
25-Dec-16,0,0,0,0
26-Dec-16,0,0,0,0
27-Dec-16,0,0,0,0
28-Dec-16,0,0,0,0
29-Dec-16,0.03,0,0,0
30-Dec-16,0,0,0,0
31-Dec-16,0,0,0,0
01-Jan-17,0,0,0,0
02-Jan-17,0,0,0,0
03-Jan-17,0,0,0,0
04-Jan-17,0,0,0,0
05-Jan-17,0,0,0,0
06-Jan-17,0,0,0,0
07-Jan-17,0,0,0,0
08-Jan-17,0,0,0,0
09-Jan-17,0,0,0,0
10-Jan-17,0,0,0,0
11-Jan-17,0,0,0,0
12-Jan-17,0,0,0,0
13-Jan-17,0,0,0,0
14-Jan-17,0,0,0,0
15-Jan-17,0,0,0,0
16-Jan-17,0,0,0,0
17-Jan-17,0,0,0,0
18-Jan-17,0,0,0,0
19-Jan-17,0,0,0,0
20-Jan-17,0,0,0,0
21-Jan-17,0,0,0,0
22-Jan-17,0.1,0,0,0
23-Jan-17,0,0,0,0
24-Jan-17,0,0,0,0
25-Jan-17,0,0,0,0
26-Jan-17,0,0,0,0
27-Jan-17,2.92,1.67,1.22,1.49
28-Jan-17,8.59,28.35,0.93,9.07
29-Jan-17,1.81,1.62,0.13,0.07
30-Jan-17,0.02,0,0,0
31-Jan-17,0,0,0,0
01-Feb-17,0,0,0,0
02-Feb-17,0,0,0,0
03-Feb-17,0,0,0,0
04-Feb-17,0,0,0,0
05-Feb-17,0,0,0,0
06-Feb-17,0,0,0,0
07-Feb-17,0,0,0,0
08-Feb-17,0,0,0,0
09-Feb-17,0,0,0,0
10-Feb-17,0,0,0,0
11-Feb-17,0,0,0,0
12-Feb-17,0,0,0,0
13-Feb-17,0,0,0,0
14-Feb-17,0,0,0,0
15-Feb-17,0,0,0,0
16-Feb-17,0,0,0,0
17-Feb-17,0,0,0,0
18-Feb-17,0,0,0,0
19-Feb-17,0,0,0,0
20-Feb-17,0,0,0,0
21-Feb-17,0,0,0,0
22-Feb-17,0,0,0,0
23-Feb-17,0,0,0,0
24-Feb-17,0,0,0,0
25-Feb-17,0,0,0,0
26-Feb-17,0,0,0,0
27-Feb-17,0,0,0,0
28-Feb-17,0,0,0,0
01-Mar-17,0,0,0,0
02-Mar-17,0,0,0,0
03-Mar-17,0,0,0,0
04-Mar-17,0,0,0,0
05-Mar-17,0.26,0,0,0
06-Mar-17,0.28,0.01,3.83,0
07-Mar-17,5.59,2.4,0.4,3.37
08-Mar-17,7,2.52,5.26,0.13
09-Mar-17,0,0,0,0
10-Mar-17,0.2,0,0,0
11-Mar-17,0,0,0,0
12-Mar-17,0,0,0,0
13-Mar-17,0,0,0,0
14-Mar-17,0.43,0,0,0
15-Mar-17,0.41,3.71,0.1,0.77
16-Mar-17,1.06,5.16,1.93,8.37
17-Mar-17,0.04,0.13,0,0.43
18-Mar-17,1.81,0.19,0.79,1.49
19-Mar-17,0.02,0,0,0
20-Mar-17,0,0,0,0
21-Mar-17,0.51,0,0.18,0
22-Mar-17,2.77,2.11,1.43,4.78
23-Mar-17,0.04,0,0,0
24-Mar-17,0,0,0,0
25-Mar-17,0,0,0,0
26-Mar-17,0,0,0,0
27-Mar-17,0,0,0,0
28-Mar-17,0,0,0,0
29-Mar-17,0,0,0,0
30-Mar-17,0,0,0,0
31-Mar-17,0,0,0,0
01-Apr-17,0,0,0,0
02-Apr-17,0,0,0,0
03-Apr-17,0,0,0,0.23
04-Apr-17,0.01,0,0,0.11
05-Apr-17,3.32,3.78,1.51,6.73
06-Apr-17,6.49,1.94,1.85,1.11
07-Apr-17,16.78,32.21,7.49,1.91
08-Apr-17,0.94,1.46,0.02,3.56
09-Apr-17,0.27,1.19,0.02,1.24
10-Apr-17,0.85,6.37,1.76,1.27
11-Apr-17,5.46,7.8,5.43,1.62
12-Apr-17,2.17,6.62,1.65,4.13
13-Apr-17,0.04,0,0,0
14-Apr-17,0,0.86,0,0
15-Apr-17,0,2.03,0,0
16-Apr-17,0,0,0,0
17-Apr-17,8.24,5.43,4.03,3.28
18-Apr-17,5.17,1.94,4.93,9.49
19-Apr-17,3.86,1.75,2.03,0.35
20-Apr-17,0.83,1.33,0.02,0.87
21-Apr-17,14.2,6.87,5.94,3.16
22-Apr-17,1.93,0.09,5.41,1.44
23-Apr-17,0.1,0,0.23,0
24-Apr-17,0,0,0,0
25-Apr-17,0,0,0,0
26-Apr-17,5.51,2.23,1.2,0.11
27-Apr-17,0.04,0.5,0,0.03
28-Apr-17,0.16,5.61,0.04,1.94
29-Apr-17,0.32,0.82,0.36,2.19
30-Apr-17,8.51,15.36,0.67,7.55
01-May-17,4.23,0,2.72,0
02-May-17,3.35,6.81,3.82,9.84
03-May-17,1.01,3.83,2.53,5.62
04-May-17,1.71,6.14,0.25,9.51
05-May-17,0.03,0.3,0,0.49
06-May-17,0.31,1.33,0.27,0.63
07-May-17,1.32,3.61,3.73,14.99
08-May-17,21.61,13.58,7.06,7.16
09-May-17,0.01,0,0,0
10-May-17,1.59,2.32,4.42,2.81
11-May-17,12.08,5.44,11.07,6.53
12-May-17,1.45,1.31,0.97,7.04
13-May-17,0.06,3.59,1.62,1
14-May-17,0,0.83,0,2.16
15-May-17,20.5,7.69,7.2,14.96
16-May-17,0,0,0.54,0
17-May-17,5.97,0.58,13.36,0.08
18-May-17,0.98,0.11,1.78,1.42
19-May-17,25.38,21.88,27.85,9.3
20-May-17,0.43,0,0.37,0.04
21-May-17,15.59,10.46,7.59,3.98
22-May-17,0.49,1,0.43,0
23-May-17,2.1,1.82,8.43,3.83
24-May-17,14.37,13.94,10.31,15.78
25-May-17,4.62,0.28,3.75,0.89
26-May-17,1.75,0,0.76,0
27-May-17,35.41,18.29,23.36,19.95
28-May-17,7.15,0.46,3.07,2.22
29-May-17,0.88,3.88,0.37,0.17
30-May-17,0.02,2.26,0,0.01
31-May-17,0.35,2.7,0.23,0.18
01-Jun-17,0.08,1.32,0,3.85
02-Jun-17,0.08,1.83,0.01,0.23
03-Jun-17,0.3,5.44,0.65,0.24
04-Jun-17,0.22,4.36,0.02,0.11
05-Jun-17,0.84,5.66,0.9,3.94
06-Jun-17,1.31,1.48,0.25,0.96
07-Jun-17,0.94,5.79,2.59,2.7
08-Jun-17,0.97,1.89,0.05,0.13
09-Jun-17,0.27,2.44,0.37,1.9
10-Jun-17,1.16,4.05,3.09,2.24
11-Jun-17,1.25,13.1,1.54,4.32
12-Jun-17,3.7,19.96,3.09,8.16
13-Jun-17,3.27,6.19,3.52,3.82
14-Jun-17,3.24,8.49,1.68,5.29
15-Jun-17,1.53,6.56,0.48,0.16
16-Jun-17,1.06,3.65,1.69,1.57
17-Jun-17,5.19,5.47,4.52,2.74
18-Jun-17,0.21,1.83,0.17,3.17
19-Jun-17,0.02,1.52,0.16,0.34
20-Jun-17,0.13,0.37,1.08,0.42
21-Jun-17,1.48,6.6,2.16,1.51
22-Jun-17,0.93,3.31,0.27,0.48
23-Jun-17,1.32,2.14,2.96,0.47
24-Jun-17,1.74,3.02,4.25,1.36
25-Jun-17,4.26,10.13,0.5,2.73
26-Jun-17,4.17,27.16,0.05,3.45
27-Jun-17,9.4,31.48,0.97,3.92
28-Jun-17,1.98,21.9,2.73,3.1
29-Jun-17,1.23,13.43,0.4,1.93
30-Jun-17,0.38,7.89,2.33,4.21
01-Jul-17,0.38,4.39,1.77,2.62
02-Jul-17,2.24,4.91,0.97,0.68
03-Jul-17,0.64,4.53,0.52,2.04
04-Jul-17,0.43,5.56,1.11,5.51
05-Jul-17,0.39,2.88,0.1,2.9
06-Jul-17,0.37,3.76,0.07,1.35
07-Jul-17,1.57,4.84,1.29,0.64
08-Jul-17,1.2,3.02,0.75,0.17
09-Jul-17,3.81,2.37,0.04,0.13
10-Jul-17,0.33,1.53,0,0.3
11-Jul-17,0.55,2.24,0.76,1.33
12-Jul-17,0.55,2.24,0.76,1.33
13-Jul-17,3.84,3.13,0.9,0.65
14-Jul-17,1.2,6.97,1.62,1.72
15-Jul-17,1.49,3.56,2.57,2.54
16-Jul-17,0.73,5.32,4.82,2.21
17-Jul-17,2.11,6.35,0.16,3.43
18-Jul-17,1.91,12.18,0.58,4.23
19-Jul-17,8.57,34.13,1.67,6.72
20-Jul-17,13.85,78.77,2.82,13.17
21-Jul-17,2.27,8.22,0.68,2.92
22-Jul-17,2.34,9.05,0.74,4.3
23-Jul-17,0.43,1.64,0.36,1.11
24-Jul-17,0.21,2.75,0.33,0.96
25-Jul-17,0.26,5.77,0.38,0.72
26-Jul-17,0.01,1.93,0.15,0.23
27-Jul-17,0.49,3.38,0.12,0.98
28-Jul-17,3.41,9.93,4.01,3.01
29-Jul-17,0.11,2.39,2.11,0.58
30-Jul-17,0.38,1.4,5.71,5.24
31-Jul-17,6.75,15.13,2.09,0.51
01-Aug-17,4.5,3.03,3.81,5.38
02-Aug-17,0.5,0.29,0.94,0.23
03-Aug-17,0.04,0.98,0,0.05
04-Aug-17,1.5,14.49,1.44,4.24
05-Aug-17,1.46,14.42,1.09,2.3
06-Aug-17,0.51,10.88,2.25,1.7
07-Aug-17,7.35,8.84,7.56,2.8
08-Aug-17,1.66,5.85,2.59,8.29
09-Aug-17,0.25,0.86,1.19,0.11
10-Aug-17,30.4,3.14,23.43,3.18
11-Aug-17,0.67,0,0.73,0.67
12-Aug-17,2.87,15.31,3.51,7.78
13-Aug-17,0.27,0.38,0.59,0
14-Aug-17,0,0,0.18,0.03
15-Aug-17,17.66,2.02,19.01,6.33
16-Aug-17,26.14,7.55,23.47,15.45
17-Aug-17,3.44,6.75,9.14,3.91
18-Aug-17,1.46,5.1,5.07,10.7
19-Aug-17,1.7,17.06,4.15,4.96
20-Aug-17,1.6,14.31,0.98,2.88
21-Aug-17,4.45,21.06,3.53,12.48
22-Aug-17,6.47,13.2,2.52,3.28
23-Aug-17,1.13,2.65,0.79,1.58
24-Aug-17,11.05,15.62,8.18,7.73
25-Aug-17,5.8,16.56,1.67,4.79
26-Aug-17,0.25,2.09,6.61,3.07
27-Aug-17,8.64,25.24,4.97,11.26
28-Aug-17,12.74,19.88,1.64,3.53
29-Aug-17,9.98,39.96,1.39,11.74
30-Aug-17,2.74,14.75,1.07,4.88
31-Aug-17,0.59,1.15,0.14,0.28
01-Sep-17,0.1,0.21,1.77,0.34
02-Sep-17,1.57,0.75,4.45,1.29
03-Sep-17,9.31,2.44,12.35,2.24
04-Sep-17,0.07,0.06,0.05,3.12
05-Sep-17,17.18,12.3,2.9,1.9
06-Sep-17,17.58,14.2,16.38,7.65
07-Sep-17,0.29,1.74,0.67,26.6
08-Sep-17,4.73,17.16,2.23,8.09
09-Sep-17,12.08,10.8,11.48,21.54
10-Sep-17,14.05,15.03,42.18,35.5
11-Sep-17,7.07,5.25,2.07,0.58
12-Sep-17,0.28,0.93,2.69,0.72
13-Sep-17,0.02,0.13,0.43,0.03
14-Sep-17,0.2,4.54,0.03,0.69
15-Sep-17,2.96,2.01,2.55,6.18
16-Sep-17,0.36,4.51,0.74,0.47
17-Sep-17,8.07,20.82,2.03,5.98
18-Sep-17,14.48,31.4,7.85,8.99
19-Sep-17,7.73,35.55,4.67,9.8
20-Sep-17,5.14,16.08,1.55,3.65
21-Sep-17,0.18,1.28,0.08,0.09
22-Sep-17,0.4,1.63,0.75,0.18
23-Sep-17,0,0.06,0,0
24-Sep-17,0,0.01,0,0.18
25-Sep-17,17.37,8.04,34.5,23.05
26-Sep-17,22.08,8.51,26.19,10.8
27-Sep-17,22.29,14.39,25.08,11.53
28-Sep-17,17.29,18.56,43.14,25.46
29-Sep-17,3.34,4,2.85,5.05
30-Sep-17,0.13,0.67,1.48,0.3
01-Oct-17,1.96,1.56,1.31,6.15
02-Oct-17,9.79,15.19,5.47,11.83
03-Oct-17,0.26,0.51,0.2,2.95
04-Oct-17,1.54,1.71,0.35,3.44
05-Oct-17,22.41,1.21,23.15,8.15
06-Oct-17,16.09,6.46,21.12,4.66
07-Oct-17,16.33,18.18,26.04,5.98
08-Oct-17,1.88,0.53,6.7,3.69
09-Oct-17,0.84,0.9,2.95,3.06
10-Oct-17,0.81,0.06,0.8,2.5
11-Oct-17,19.85,6.59,19.16,8.17
12-Oct-17,0.23,0.08,0.88,2.97
13-Oct-17,4.08,9.42,13.49,23.28
14-Oct-17,3.28,3.02,3.79,9.65
15-Oct-17,4.94,6.64,19.57,21.98
16-Oct-17,0,0.23,0.1,0.3
17-Oct-17,0.39,0.11,0.19,0.55
18-Oct-17,0.08,0.11,0,0.01
19-Oct-17,0.12,1.66,0,0.35
20-Oct-17,0,0.03,0,0.02
21-Oct-17,0,0,0,0.01
22-Oct-17,0.01,0,0,0
23-Oct-17,0,0,0,0
24-Oct-17,0,0,0,0
25-Oct-17,0.01,0,0,0
26-Oct-17,0.37,1.32,1.2,1.08
27-Oct-17,0.26,0.22,2.79,0.78
28-Oct-17,12.42,3.06,4.38,0.08
29-Oct-17,0,0,0,0
30-Oct-17,0,0,0,0
31-Oct-17,0.05,0,0,0
01-Nov-17,0.02,0,0.03,0
02-Nov-17,0.05,0,2.55,0.72
03-Nov-17,0.34,0,0.14,0
04-Nov-17,0,0,0,0
05-Nov-17,3.96,1.74,0.34,0.1
06-Nov-17,1.98,0.27,4.22,0.49
07-Nov-17,3.14,8.95,2.79,11.69
08-Nov-17,1.6,1.16,4.96,2.14
09-Nov-17,0.1,0,0,0
10-Nov-17,0,0,0,0
11-Nov-17,0,0,0,0
12-Nov-17,0,0,0,0
13-Nov-17,0,0,0,0
14-Nov-17,0.23,0,0.2,0
15-Nov-17,0.01,0.29,0,0
16-Nov-17,0,0,0.01,0
17-Nov-17,0.41,0,2.69,0.07
18-Nov-17,0.23,0.09,0,0
19-Nov-17,0.71,0.61,0.01,0
20-Nov-17,0.37,0.39,0,0
21-Nov-17,0.18,0,0,0
22-Nov-17,0,0,0,0
23-Nov-17,0.11,0.14,0.01,0.31
24-Nov-17,0,0,0,0
25-Nov-17,0,0,0,0
26-Nov-17,0,0,0,0
27-Nov-17,0,0,0,0
28-Nov-17,0,0,0.01,0
29-Nov-17,0.01,0,0,0
30-Nov-17,0.03,0,0,0
01-Dec-17,0.02,0,0.01,0
02-Dec-17,0.01,0,1.05,0.04
03-Dec-17,0.26,0,0.04,0
04-Dec-17,0.03,0.14,0,0.19
05-Dec-17,2.29,0.05,0.23,0.02
06-Dec-17,0.09,0.07,0.06,0.01
07-Dec-17,0,0,0,0
08-Dec-17,0.02,0.2,0,0.11
09-Dec-17,0,0,0,0
10-Dec-17,0,0,0,0
11-Dec-17,0,0,0,0
12-Dec-17,0,0,0,0
13-Dec-17,1.5,0.1,0.64,0.01
14-Dec-17,1.64,0.56,0,0
15-Dec-17,0,0,0,0
16-Dec-17,0,0,0,0
17-Dec-17,0,0,0,0
18-Dec-17,0,0,0,0
19-Dec-17,0,0,0,0
20-Dec-17,0,0,0,0
21-Dec-17,0,0,0,0
22-Dec-17,0.02,0,0,0
23-Dec-17,0,0,0,0
24-Dec-17,0,0,0,0
25-Dec-17,0,0,0,0
26-Dec-17,0,0,0,0
27-Dec-17,0,0,0,0
28-Dec-17,0,0,0,0
29-Dec-17,0,0,0,0
30-Dec-17,0,0,0,0
31-Dec-17,0,0,0,0
01-Jan-18,0,0,0,0
02-Jan-18,0,0,0,0
03-Jan-18,0,0,0,0
04-Jan-18,0,0,0,0
05-Jan-18,0,0,0,0
06-Jan-18,0,0,0,0
07-Jan-18,0,0,0,0
08-Jan-18,0,0,0,0
09-Jan-18,0,0,0,0
10-Jan-18,0,0,0,0
11-Jan-18,0,0,0,0
12-Jan-18,0,0,0,0
13-Jan-18,0,0,0,0
14-Jan-18,0,0,0,0
15-Jan-18,0,0,0,0
16-Jan-18,0,0,0,0
17-Jan-18,0,0,0,0
18-Jan-18,0,0,0,0
19-Jan-18,0,0,0,0
20-Jan-18,0,0,0,0
21-Jan-18,0,0,0,0
22-Jan-18,0,0,0,0
23-Jan-18,0,0,0,0
24-Jan-18,0,0,0,0
25-Jan-18,0,0,0,0
26-Jan-18,0,0,0,0
27-Jan-18,0,0,0,0
28-Jan-18,0,0,0,0
29-Jan-18,0,0,0,0
30-Jan-18,0,0,0,0
31-Jan-18,0,0,0,0
01-Feb-18,0,0,0,0
02-Feb-18,0,0,0,0
03-Feb-18,0,0,0,0
04-Feb-18,0,0,0,0
05-Feb-18,0,0,0,0
06-Feb-18,0,0,0,0
07-Feb-18,0.22,0,0,0
08-Feb-18,0.06,0,0.21,0.06
09-Feb-18,0,0,0,0
10-Feb-18,1.52,2.39,0.98,27.07
11-Feb-18,1.14,3.37,0,0.97
12-Feb-18,0.08,0.04,0,0
13-Feb-18,0,0,0,0
14-Feb-18,0,0,0,0
15-Feb-18,0,0,0,0
16-Feb-18,0,0,0,0
17-Feb-18,0,0,0,0
18-Feb-18,0,0,0,0
19-Feb-18,0,0,0,0
20-Feb-18,0,0,0,0
21-Feb-18,0,0,0,0
22-Feb-18,0,0,0,0
23-Feb-18,0,0,0,0
24-Feb-18,0,0,0,0
25-Feb-18,0,0,0,0
26-Feb-18,0,0,0,0
27-Feb-18,0,0,0,0
28-Feb-18,0,0,0,0
01-Mar-18,0,0,0,0
02-Mar-18,0,0,0,0
03-Mar-18,0,0,0,0
04-Mar-18,0,0,0,0
05-Mar-18,0,0,0,0
06-Mar-18,0,0,0,0
07-Mar-18,0,0,0,0
08-Mar-18,0,0,0,0
09-Mar-18,0,0,0,0
10-Mar-18,0,0,0,0
11-Mar-18,0,0,0,0
12-Mar-18,0,0,0,0
13-Mar-18,0,0,0,0
14-Mar-18,0.06,0.72,0,0.02
15-Mar-18,1.09,4.37,0.8,1.58
16-Mar-18,9.19,12.82,6.98,17.89
17-Mar-18,12.21,2.73,2.22,0.6
18-Mar-18,8.51,1.51,6.06,6.37
19-Mar-18,1.21,17.64,1.62,1.53
20-Mar-18,0.42,0.34,0,0.06
21-Mar-18,0,0,0,0
22-Mar-18,1.68,0.26,1.14,2.48
23-Mar-18,0.33,0,0.17,0
24-Mar-18,0.01,0,0,0
25-Mar-18,0,0,0.23,0.2
26-Mar-18,0,0,0,0
27-Mar-18,0,0,0,0
28-Mar-18,0,0,0,0
29-Mar-18,0,0,0,0
30-Mar-18,0.02,0.16,2.66,2.5
31-Mar-18,2.09,9.65,1.09,6.07
01-Apr-18,5.22,4.81,4.17,3.28
02-Apr-18,2.78,0.99,1.82,4.23
03-Apr-18,12.38,13.49,3.2,14
04-Apr-18,0.03,0.13,0,0.3
05-Apr-18,0.15,1.31,0,0.33
06-Apr-18,0,0,0,0
07-Apr-18,0.02,0.11,0,0
08-Apr-18,0,0.38,0,0
09-Apr-18,0,1.15,0,0.01
10-Apr-18,0,0,0,0
11-Apr-18,0.03,1.09,0,0.06
12-Apr-18,0.95,4.79,5.75,2.23
13-Apr-18,1.75,10.73,0.09,5.21
14-Apr-18,0.13,0.67,0,0.06
15-Apr-18,0.25,1.05,1.31,0.22
16-Apr-18,1.88,13.94,0.08,2.42
17-Apr-18,15.49,4.41,10.94,0.34
18-Apr-18,0.05,0.55,0,0.02
19-Apr-18,0.64,0.85,0.86,1.19
20-Apr-18,2.58,4.71,2.12,7.56
21-Apr-18,1.27,0.29,1.46,0.1
22-Apr-18,2.85,6.09,1.25,2.63
23-Apr-18,1.12,7.57,4.44,13.29
24-Apr-18,0.9,2.43,0.81,2.19
25-Apr-18,2.04,4.29,1.12,0.08
26-Apr-18,4.67,2.71,0.86,1.36
27-Apr-18,3.53,3.39,2.9,0.5
28-Apr-18,0,0,0,0
29-Apr-18,0,0,0,0
30-Apr-18,0.42,0.07,1.85,1.49
01-May-18,9.68,2.11,5.48,0.62
02-May-18,4.85,2.81,3.8,1.76
03-May-18,7.14,1.53,11.38,6.22
04-May-18,26.11,17.94,41.95,17.24
05-May-18,0,0,0,0
06-May-18,0.19,0.35,0,0
07-May-18,0.02,0.9,0.06,0.39
08-May-18,0.23,7.65,0,0.05
09-May-18,7.21,21.92,6.75,20.57
10-May-18,7.82,3.94,0.07,0.53
11-May-18,5.99,20.61,12.7,22.12
12-May-18,5.57,11.88,12.72,11.44
13-May-18,12.41,3.58,11.47,2.74
14-May-18,11.87,12.01,2.94,8.82
15-May-18,8.08,7.97,3.26,18.2
16-May-18,6.61,10.06,3.17,1.19
17-May-18,0.88,3.36,0,0.08
18-May-18,0.52,0.81,0,0.63
19-May-18,0.45,2.88,0.25,1.45
20-May-18,18.88,7.36,12.9,21.74
21-May-18,3.97,2.33,17.72,10.49
22-May-18,12,6.95,22.63,11.96
23-May-18,0.2,0,0.3,0
24-May-18,10.97,10.12,11.49,25.27
25-May-18,22.29,13.16,7.83,9.41
26-May-18,35.53,40.58,26.7,24.72
27-May-18,4.45,5.47,16.68,5.41
28-May-18,7.14,19.98,4.47,11.11
29-May-18,6.24,11.48,1.48,6.58
30-May-18,12.74,65.05,1.57,39.39
31-May-18,0.24,2.51,7.13,4.82
01-Jun-18,1.4,1.41,0.69,2.57
02-Jun-18,10.17,4.74,13.42,22.65
03-Jun-18,12.89,4.97,4.96,9.89
04-Jun-18,3.52,6.72,13.35,16.06
05-Jun-18,9.88,12.14,6.53,10.16
06-Jun-18,4.8,5.53,7.58,9.53
07-Jun-18,2.64,3.48,1.3,0.87
08-Jun-18,3.55,47.61,1.53,11.08
09-Jun-18,6.28,29.39,11.38,14.85
10-Jun-18,13.27,49.65,1.55,16.14
11-Jun-18,6.86,22.12,2.71,15.02
12-Jun-18,4.78,19.3,3.89,32.22
13-Jun-18,6.64,46.99,0.06,10.98
14-Jun-18,6.68,44.86,0.85,8.64
15-Jun-18,19.97,6.65,12.36,2.48
16-Jun-18,1.65,12.9,4.43,2.88
17-Jun-18,0.25,3.88,0.03,0.53
18-Jun-18,0.1,17.52,1.98,5.05
19-Jun-18,1.35,7.04,1.39,3.52
20-Jun-18,1.57,17.41,0.84,2.43
21-Jun-18,1.57,12.27,2.14,2.14
22-Jun-18,4.53,7.52,2.13,0.8
23-Jun-18,1.06,2.95,0.12,0.59
24-Jun-18,1,3.72,1.11,1.23
25-Jun-18,0.55,4.79,0.37,1.05
26-Jun-18,0.58,3.29,0.39,1.55
27-Jun-18,3.74,23.63,7.9,5.97
28-Jun-18,0.76,2.54,0.46,3.44
29-Jun-18,1.46,10.97,10.66,8.14
30-Jun-18,1.88,2.65,0.78,0.62
01-Jul-18,7.21,5.68,1.1,0.14
02-Jul-18,2.08,0.6,2.93,1.58
03-Jul-18,3.25,7.02,0.45,1.87
04-Jul-18,0.65,1.79,0.01,1.18
05-Jul-18,0.22,3.47,0,0.66
06-Jul-18,0.17,3.08,0,0.46
07-Jul-18,13.58,65.07,12.45,15.6
08-Jul-18,14.12,52.25,0.81,6.79
09-Jul-18,15.15,92.05,0.6,16.36
10-Jul-18,5.72,33.74,10.37,5
11-Jul-18,16.09,61.35,26.94,17.45
12-Jul-18,12.41,42.83,30.66,20.61
13-Jul-18,5.94,40.63,21.26,13.08
14-Jul-18,4.72,33.26,9.23,8.65
15-Jul-18,5.11,20.41,2.42,2.94
16-Jul-18,3.69,23.73,2.28,5.46
17-Jul-18,10.45,36.78,11.42,9.44
18-Jul-18,2.72,17.89,0,3.46
19-Jul-18,2.22,17.23,0.77,2.67
20-Jul-18,3.51,20.55,1.04,4.32
21-Jul-18,2.99,17.77,12.16,4.98
22-Jul-18,2.69,19.92,21.53,14.27
23-Jul-18,1.52,15.56,0.61,2.68
24-Jul-18,2.59,22.01,1,4.23
25-Jul-18,3.06,23.74,0.71,5.17
26-Jul-18,5.1,12.33,1.12,1.82
27-Jul-18,0.87,3.33,0.7,0.28
28-Jul-18,0.24,3,1.42,2.6
29-Jul-18,0.89,6.64,3.74,1.91
30-Jul-18,0.43,5.02,0.08,0.43
31-Jul-18,2.01,6.1,4.33,2.17
01-Aug-18,1.71,5.51,4.51,2.16
02-Aug-18,0.71,1.94,0.18,0.2
03-Aug-18,0.59,8.19,0.39,0.93
04-Aug-18,0.82,5.79,4.21,0.73
05-Aug-18,0.79,5.44,1.11,1.05
06-Aug-18,0.2,1.7,0.16,1.19
07-Aug-18,2.27,11.25,3.11,3.1
08-Aug-18,10.7,41.24,2.77,3.82
09-Aug-18,9.3,51.3,16.23,12.74
10-Aug-18,1.45,12.86,3.7,3.8
11-Aug-18,2.12,13.7,0.35,1.43
12-Aug-18,3.45,15.9,2.99,6.78
13-Aug-18,11.98,51.52,4.51,17.85
14-Aug-18,15.69,61,2.72,22.84
15-Aug-18,13.82,77.27,5.55,14.48
16-Aug-18,27.85,167.47,1.54,30.11
17-Aug-18,9.78,19.94,4.05,9.33
18-Aug-18,1.4,13.72,1.03,5.06
19-Aug-18,3.04,25.73,1.88,6.05
20-Aug-18,3.33,18.97,5.98,5.87
21-Aug-18,1.31,8.62,11.2,6.39
22-Aug-18,0.96,8.23,0.08,0.99
23-Aug-18,1.91,6.64,3.62,2.25
24-Aug-18,0.38,4,3.48,2.8
25-Aug-18,0.04,1.83,1.08,0.2
26-Aug-18,0.07,1.39,0.28,0.16
27-Aug-18,0.54,6.88,3.27,7.71
28-Aug-18,5.08,14.64,9.03,3.35
29-Aug-18,2.83,16.5,1.17,1.27
30-Aug-18,1.48,8.04,7.62,2.9
31-Aug-18,18.5,12.56,10.94,4.61
01-Sep-18,2.41,3.06,7.06,1.91
02-Sep-18,0.02,0.17,2.85,3.18
03-Sep-18,0.9,3.53,0.64,0.35
04-Sep-18,0.01,0.07,0,0
05-Sep-18,0,0,0,0
06-Sep-18,0.01,0.14,0,0.08
07-Sep-18,0.08,2.19,0,0.32
08-Sep-18,0.14,1.45,0.07,0.47
09-Sep-18,0.05,0.52,0.31,0.43
10-Sep-18,0,0,0.07,0
11-Sep-18,4.25,6.01,7.28,3.55
12-Sep-18,2.66,2.67,19.69,14.47
13-Sep-18,0.09,0.23,0.22,0.02
14-Sep-18,0.27,0,0.6,0
15-Sep-18,1.91,0.32,7.58,3.26
16-Sep-18,5.95,3.81,2.48,0.11
17-Sep-18,4.67,1.35,8.52,1.04
18-Sep-18,0.25,3.11,1.39,1.67
19-Sep-18,0,0,0.03,0.03
20-Sep-18,0,0,0,0.02
21-Sep-18,2.27,9.04,2.96,13.54
22-Sep-18,0,0,0,0
23-Sep-18,0.34,0.26,0.31,0.02
24-Sep-18,26.49,11.18,20.53,11.8
25-Sep-18,1.6,3.93,8.41,10.17
26-Sep-18,15.08,34.24,27.78,23.56
27-Sep-18,5.18,6.82,19.19,26.23
28-Sep-18,5.25,6.54,5.26,19.99
29-Sep-18,12.25,14.19,16.22,23.44
30-Sep-18,1.05,7.34,1.08,11.3
01-Oct-18,3.49,1.8,3.6,2.73
02-Oct-18,7.47,7.55,7.01,12.04
03-Oct-18,0.87,0.11,0.27,0.04
04-Oct-18,8.84,7.71,4.27,2.01
05-Oct-18,6.73,8.23,1.64,11.05
06-Oct-18,9.79,13.07,7.81,7.69
07-Oct-18,9.47,5.92,4.94,9.31
08-Oct-18,0.86,1.55,0.31,0
09-Oct-18,35.28,25.18,13.08,3.76
10-Oct-18,12.41,19.64,9.37,5.82
11-Oct-18,0.14,0.37,0,0
12-Oct-18,0,0.18,0,0
13-Oct-18,0,0,0,0
14-Oct-18,0.03,0.21,0,0
15-Oct-18,24.79,14.23,22.23,15.95
16-Oct-18,2.54,6.37,3.05,10.6
17-Oct-18,20.45,18.01,26.66,31.9
18-Oct-18,10.16,7.88,6.02,7.7
19-Oct-18,1.08,2.55,10.64,10.43
20-Oct-18,3.71,12.19,3.12,10.12
21-Oct-18,0.47,4.52,0,0.32
22-Oct-18,0.59,0,1.92,0.04
23-Oct-18,0.04,0,0,0
24-Oct-18,0,0,0,0
25-Oct-18,0,0,0,0
26-Oct-18,0,0,0,0
27-Oct-18,0,0,0,0
28-Oct-18,0,0,0,0
29-Oct-18,0,0,0,0
30-Oct-18,0,0,0,0
31-Oct-18,0,0,0,0
01-Nov-18,2.17,0,0.82,0
02-Nov-18,0.01,0,0,0
03-Nov-18,6.08,3.47,0.08,0.12
04-Nov-18,1.43,0.9,6.01,4.13
05-Nov-18,0.04,0.02,0.04,5.78
06-Nov-18,0,0,0,0
07-Nov-18,0.01,0,0,0
08-Nov-18,0,0,0,0.02
09-Nov-18,0,0,0,0
10-Nov-18,0,0,0,0
11-Nov-18,0,0,0,0
12-Nov-18,0,0,0,0
13-Nov-18,0,0,0,0
14-Nov-18,0,0,0,0
15-Nov-18,0,0,0,0
16-Nov-18,0.08,0,0,0
17-Nov-18,0.63,0.12,0,0.01
18-Nov-18,0,0,0,0.11
19-Nov-18,0.66,1.07,1.77,12.37
20-Nov-18,0.86,0.37,8.8,2.31
21-Nov-18,0,0,0,0
22-Nov-18,1.32,0.32,0.09,0
23-Nov-18,1.92,0.63,1.05,0.61
24-Nov-18,3.38,5.44,3.17,1.04
25-Nov-18,0.46,2.04,0,0.51
26-Nov-18,0,0,0,0
27-Nov-18,0,0,0,0
28-Nov-18,0,0,0,0
29-Nov-18,0,0,0,0
30-Nov-18,0.08,0,0.05,0
01-Dec-18,0.01,0.24,0,0
02-Dec-18,0,0,0,0
03-Dec-18,0,0,0,0
04-Dec-18,0,0,0,0
05-Dec-18,1.89,1,4.43,1.14
06-Dec-18,0,0.03,0,0
07-Dec-18,0.04,2.69,0.11,0.01
08-Dec-18,0,0,0,0
09-Dec-18,0,0,0,0
10-Dec-18,0,0,0,0
11-Dec-18,0,0,0,0
12-Dec-18,0,0,0,0
13-Dec-18,0,0,0,0
14-Dec-18,0,0,0,0
15-Dec-18,0,0,0,0
16-Dec-18,0,0,0,0
17-Dec-18,0,0,0,0
18-Dec-18,0,0,0,0
19-Dec-18,0,0,0,0
20-Dec-18,0,0,0,0
21-Dec-18,0,0,0,0
22-Dec-18,0,0,0,0
23-Dec-18,0,0,0,0
24-Dec-18,0.05,0,0,0
25-Dec-18,0.14,2,0,0
26-Dec-18,0.01,0.43,0,0
27-Dec-18,0,0,0,0
28-Dec-18,0.41,2.08,0,0.21
29-Dec-18,0,0,0,0
30-Dec-18,0,0.05,0,0
31-Dec-18,0,0,0,0
01-Jan-19,0,0,0,0
02-Jan-19,0,0,0,0
03-Jan-19,0,0,0,0
04-Jan-19,0,0,0,0
05-Jan-19,0,0,0,0
06-Jan-19,0,0,0,0
07-Jan-19,0,0,0,0
08-Jan-19,0,0,0,0
09-Jan-19,0,0,0,0
10-Jan-19,0,0,0,0
11-Jan-19,0,0,0,0
12-Jan-19,0,0,0,0
13-Jan-19,0,0,0,0
14-Jan-19,0,0,0,0
15-Jan-19,0,0,0,0
16-Jan-19,0,0,0,0
17-Jan-19,0,0,0,0
18-Jan-19,0,0,0,0
19-Jan-19,0,0,0,0
20-Jan-19,0,0,0,0
21-Jan-19,0,0,0,0
22-Jan-19,0,0,0,0
23-Jan-19,0,0,0,0
24-Jan-19,0,0,0,0
25-Jan-19,0,0,0,0
26-Jan-19,0,0,0,0
27-Jan-19,0,0,0,0
28-Jan-19,0,0,0,0.07
29-Jan-19,0.17,0,0.38,0
30-Jan-19,0,0,0,0
31-Jan-19,0,0,0,0
01-Feb-19,0,0,0,0
02-Feb-19,0,0,0,0
03-Feb-19,0,0,0,0
04-Feb-19,0,0,0,0
05-Feb-19,0,0,0,0
06-Feb-19,0,0,0,0
07-Feb-19,0,0,0,0
08-Feb-19,0.08,1.33,0.06,5.54
09-Feb-19,0,0,0,0
10-Feb-19,4.37,3.66,0,0.05
11-Feb-19,5.09,2.26,1.77,5.21
12-Feb-19,0,0,0,0
13-Feb-19,0,0,0,0
14-Feb-19,0,0,0,0
15-Feb-19,0,0,0,0
16-Feb-19,0,0,0,0
17-Feb-19,0,0,0,0
18-Feb-19,0,0,0,0
19-Feb-19,0.03,0,0,0
20-Feb-19,0,0,0,0
21-Feb-19,0,0,0,0
22-Feb-19,0,0,0,0
23-Feb-19,0,0,0,0
24-Feb-19,0,0,0,0
25-Feb-19,0,0,0,0
26-Feb-19,0,0,0,0
27-Feb-19,0,0,0,0
28-Feb-19,0,0,0,0
01-Mar-19,0,0,0,0
02-Mar-19,0,0,0,0
03-Mar-19,0.64,2.22,0.08,6.07
04-Mar-19,0,0,0,0
05-Mar-19,1.38,0.88,0.1,0.03
06-Mar-19,0,0,0,0
07-Mar-19,0,0,0,0
08-Mar-19,0,0,0,0
09-Mar-19,0.01,0,0.01,0
10-Mar-19,0.01,0,0,0
11-Mar-19,0.31,2.27,0.02,0.92
12-Mar-19,0.23,5.34,0,0.48
13-Mar-19,0,0,0,0
14-Mar-19,0,0,0,0
15-Mar-19,0,0,0,0
16-Mar-19,0,0,0,0
17-Mar-19,0,0,0,0
18-Mar-19,0,0,0,0
19-Mar-19,0,0,0,0
20-Mar-19,0.03,0,0,0
21-Mar-19,0.75,3.93,0,0
22-Mar-19,0.21,0.17,0,0
23-Mar-19,0,0,0,0
24-Mar-19,0,0,0,0
25-Mar-19,0,0,0,0
26-Mar-19,0,0,0,0
27-Mar-19,0,0,0,0
28-Mar-19,0,0,0,0
29-Mar-19,0,0,0,0
30-Mar-19,0,0,0,0
31-Mar-19,0.55,3.11,0,1.49
01-Apr-19,0,0,0,0
02-Apr-19,0.33,0.31,0.13,1.34
03-Apr-19,2.02,4.67,0.07,5.44
04-Apr-19,0,0,0,0
05-Apr-19,0,0,0,0
06-Apr-19,0,0,0,0.03
07-Apr-19,0,0,0,0
08-Apr-19,0.02,0.42,0,2.25
09-Apr-19,8.22,2.58,4.09,6.83
10-Apr-19,2.01,2.6,0.73,5.75
11-Apr-19,1.14,6.61,1.7,4.95
12-Apr-19,1.82,11.2,0.14,10.47
13-Apr-19,0,0,0,0.02
14-Apr-19,0,0,0,0.03
15-Apr-19,0,0,0,0
16-Apr-19,0,0,0,0
17-Apr-19,0,0.05,0,0
18-Apr-19,6.09,15.83,2.66,3.61
19-Apr-19,9.97,13.73,16,11.25
20-Apr-19,5.42,3.84,0.53,1.78
21-Apr-19,8.89,4.78,11.53,8.41
22-Apr-19,0.18,0.26,0,0
23-Apr-19,6.34,2.02,1.07,0.05
24-Apr-19,2.76,7.59,1.21,0.45
25-Apr-19,0.2,0,0,0
26-Apr-19,0,0,0,0
27-Apr-19,0,0,0,0
28-Apr-19,1.81,2.25,0.63,0.08
29-Apr-19,0.3,0.53,0,0
30-Apr-19,5.4,14.49,2.71,2.77
01-May-19,13.52,8.28,18.2,3.92
02-May-19,0,0.75,0,0
03-May-19,0,0,0,0
04-May-19,0,0,0,0
05-May-19,0,0,0,0
06-May-19,1.03,0.12,0.09,0.39
07-May-19,5.63,7.78,4.24,12.74
08-May-19,5,0.71,8.98,0.76
09-May-19,6.81,5.88,9.06,7.63
10-May-19,0.07,0,0,0
11-May-19,0,0,0.63,0
12-May-19,14.37,13.85,3.99,2.64
13-May-19,1.91,9.68,4.24,8.28
14-May-19,5.06,2.01,17.05,1.19
15-May-19,2.37,0.4,2.04,0
16-May-19,16.73,2.24,9.1,0.57
17-May-19,4.48,8.25,2.62,2.65
18-May-19,3.79,2.46,8.51,5.03
19-May-19,0.69,2.17,0.04,2.62
20-May-19,0.17,0.23,0,3.72
21-May-19,0.92,0.19,0.97,3.42
22-May-19,6.88,1.47,2.21,1.05
23-May-19,4.68,7.74,5.3,1.04
24-May-19,11.95,7.91,1.93,7.25
25-May-19,15.42,15.48,11.64,13.88
26-May-19,5.64,6.01,17.3,14.7
27-May-19,10.09,5.28,3.06,1.51
28-May-19,0,0,0,0
29-May-19,15.31,6.52,20.36,6.42
30-May-19,4.02,0.05,8.91,0.07
31-May-19,10.28,11.35,15,9.8
01-Jun-19,13.68,9.89,26.26,16.87
02-Jun-19,0.01,0.21,0,1.21
03-Jun-19,2.92,4.28,15.96,18.62
04-Jun-19,0,0,0,0
05-Jun-19,0.23,0.14,0.92,0
06-Jun-19,19.34,29.85,18.23,21.95
07-Jun-19,1.6,4.67,3.77,17.91
08-Jun-19,1.5,1.21,1.07,1.28
09-Jun-19,0.77,0.13,0.33,0
10-Jun-19,2.73,2.93,3.53,1.23
11-Jun-19,2.57,11.67,0.58,0.43
12-Jun-19,1.63,14.98,1.76,2.55
13-Jun-19,2.67,14.94,4.25,3.03
14-Jun-19,1.33,23.05,0.49,1.95
15-Jun-19,4.6,11.11,0.91,1.22
16-Jun-19,0.08,1.28,0.99,0.75
17-Jun-19,0.03,0.19,0,0.02
18-Jun-19,0.07,0.61,0,0.14
19-Jun-19,0.68,6.69,0.15,0.76
20-Jun-19,1.51,7.91,1.75,1.18
21-Jun-19,0.21,3.94,0,0.08
22-Jun-19,4.15,13.96,1.32,0.51
23-Jun-19,1.14,2.61,1.08,2.7
24-Jun-19,2.93,7.03,6.58,1.49
25-Jun-19,0.09,1.64,0.46,0.14
26-Jun-19,2.33,10.54,1.25,0.93
27-Jun-19,0.04,2.17,2.27,1.78
28-Jun-19,0.92,2.38,4.42,1.26
29-Jun-19,0.12,1.98,1.18,1.03
30-Jun-19,0.79,5.31,11.22,4.67
01-Jul-19,0.35,4.86,4.37,2.16
02-Jul-19,0.23,9.32,6.2,6.1
03-Jul-19,1.59,17.04,7.66,7.7
04-Jul-19,0.95,12.47,1.31,2.45
05-Jul-19,4.23,22.85,0.64,9.32
06-Jul-19,13.3,40.92,7.62,9.06
07-Jul-19,3.64,12.54,7.28,12.84
08-Jul-19,1.77,14.58,4.56,8.92
09-Jul-19,0.42,9.46,0.02,5.61
10-Jul-19,9.61,19.82,8.56,11.88
11-Jul-19,5.62,10.29,5.24,3.41
12-Jul-19,0.32,4.19,3.15,3.12
13-Jul-19,1.41,2.44,1.07,0.4
14-Jul-19,1.06,0.75,2.69,0.84
15-Jul-19,3.84,3.17,7.11,2.05
16-Jul-19,0.63,3.71,5.89,3.41
17-Jul-19,7.14,4.85,5.6,5.14
18-Jul-19,9.83,5.74,2.64,6.18
19-Jul-19,2.66,11.42,9.66,6.49
20-Jul-19,7.39,16.73,11.05,7.95
21-Jul-19,3.17,20.17,0.23,4.12
22-Jul-19,2.63,16.83,1.56,3.08
23-Jul-19,10.25,27.83,3.34,3.15
24-Jul-19,1.72,9.31,1.83,0.97
25-Jul-19,4.41,9.24,1.34,4.52
26-Jul-19,7.24,10.55,4.18,3.46
27-Jul-19,1.12,2.5,1.51,5.33
28-Jul-19,0.84,2.27,0.07,0.91
29-Jul-19,0.14,5.43,6,1.43
30-Jul-19,0.62,6.21,3.47,2.12
31-Jul-19,0.09,4.2,1.37,1.84
01-Aug-19,0.15,1.34,0.69,0.96
02-Aug-19,0.32,1.08,2.6,2.2
03-Aug-19,1.29,19.83,0,2.9
04-Aug-19,2.54,34.91,0.11,5.88
05-Aug-19,7.41,27.23,6.79,16.65
06-Aug-19,9.97,49.02,23.85,23.46
07-Aug-19,34.63,97.38,22.75,36.99
08-Aug-19,49.77,118.89,24.13,52.87
09-Aug-19,73.26,129.69,46.79,69.65
10-Aug-19,43.2,106.71,9.35,57.52
11-Aug-19,9.33,41.31,1.25,14.87
12-Aug-19,2.47,6.59,3.68,2.27
13-Aug-19,1.47,12.92,6.53,3.76
14-Aug-19,6.13,5.9,1.1,1.35
15-Aug-19,6.03,23.15,14.55,9.76
16-Aug-19,0.98,3.63,0.72,1.81
17-Aug-19,15.32,13.96,25.1,18.94
18-Aug-19,5.84,4.17,3.95,4
19-Aug-19,22.37,5.61,14.64,7.75
20-Aug-19,10.18,7.68,13.49,28.17
21-Aug-19,13.97,8.12,16.81,6.09
22-Aug-19,3.44,9.34,13.29,7.2
23-Aug-19,0.71,5.61,3.11,1.37
24-Aug-19,6.05,8.24,6.92,8.66
25-Aug-19,0.56,6.61,0.73,1.33
26-Aug-19,3.88,4.81,3.06,0.23
27-Aug-19,1.93,26.49,0.66,2.66
28-Aug-19,1.72,5.54,0.12,0.35
29-Aug-19,0.59,5.15,1.07,2.44
30-Aug-19,2.56,7.98,2.19,2.71
31-Aug-19,0.97,3,0.49,0.42
01-Sep-19,0.58,13.56,0.01,3.28
02-Sep-19,2.74,19.76,0.41,4.29
03-Sep-19,2.56,7.85,2.66,6.23
04-Sep-19,6.37,22.65,10.79,9.31
05-Sep-19,16.01,64.34,9.95,13.37
06-Sep-19,5.62,25.94,10.77,11.73
07-Sep-19,1.85,13.41,6.77,9.82
08-Sep-19,3,22.96,10.85,10.62
09-Sep-19,6.7,32.84,12.79,8.75
10-Sep-19,2.2,6.05,2,2.68
11-Sep-19,2.8,7.16,4.37,2.52
12-Sep-19,4.39,8.06,0.81,2.17
13-Sep-19,0.94,6.94,2.14,2.41
14-Sep-19,0.31,1.72,1.05,0.47
15-Sep-19,1,4.33,1.2,6.83
16-Sep-19,1.2,3.24,0.67,0.57
17-Sep-19,4.47,1.8,13.15,1.07
18-Sep-19,2.67,2.52,6.98,3.49
19-Sep-19,0.99,0.65,0.49,1.64
20-Sep-19,0.92,3.23,0.26,3.07
21-Sep-19,0.74,4.04,0.27,0.76
22-Sep-19,1.83,0.9,0.29,0.38
23-Sep-19,23.69,7.47,40.06,36.98
24-Sep-19,29.45,9.87,55.41,27.25
25-Sep-19,3.89,8.57,1.58,16.97
26-Sep-19,8.36,7.88,9.49,12.99
27-Sep-19,1.25,0.85,1.22,0.19
28-Sep-19,5.2,1.33,4.26,2.32
29-Sep-19,2.63,0.91,0.21,1.47
30-Sep-19,1.17,2.2,0.95,0.22
01-Oct-19,0.13,1.22,0.03,1.54
02-Oct-19,10.42,14.76,22.55,17.07
03-Oct-19,9.54,6.04,22.93,4.68
04-Oct-19,5.69,0.31,5.15,7.16
05-Oct-19,6.43,2.98,7.9,7.45
06-Oct-19,3.08,8.86,7.34,20.67
07-Oct-19,6.75,13.73,17.49,3.71
08-Oct-19,18.15,11.73,36.01,4.66
09-Oct-19,0.83,1.94,1.1,12.41
10-Oct-19,3.36,6.77,2.87,6.73
11-Oct-19,7.33,3.19,3.39,8.56
12-Oct-19,4.08,11,8,16.84
13-Oct-19,2.62,3.13,0.95,4.36
14-Oct-19,13.04,14.15,6.8,24.63
15-Oct-19,0.76,3.27,0,0.33
16-Oct-19,21.76,22.13,30.72,39.13
17-Oct-19,4.66,8.44,2.09,4.76
18-Oct-19,3.75,16.06,6.3,8.96
19-Oct-19,8.03,12.99,7.58,8.83
20-Oct-19,0.88,4.11,1.57,0.61
21-Oct-19,22.44,18.44,8.89,15.97
22-Oct-19,19.8,18.75,30.44,46.24
23-Oct-19,10.38,4.18,8.5,8.67
24-Oct-19,6.39,13.73,1.62,4.19
25-Oct-19,1.92,8.13,1.45,9.01
26-Oct-19,6.32,21.13,4.03,5.83
27-Oct-19,1.33,8.03,0.54,3.79
28-Oct-19,2.07,1.3,12.82,6.16
29-Oct-19,0.19,0.07,0.16,1.84
30-Oct-19,3.47,6.07,4.57,9.94
31-Oct-19,5.69,1.58,7.92,5.63
01-Nov-19,1.87,8.94,2.77,6.5
02-Nov-19,0,0,0,0
03-Nov-19,0.24,0,0.01,2.61
04-Nov-19,0.12,0.64,0,0
05-Nov-19,6.56,2.98,7.49,7.45
06-Nov-19,0,0.62,0,0
07-Nov-19,3.63,14.96,0.01,2.52
08-Nov-19,7.88,2.33,4.67,6.02
09-Nov-19,30.62,14.11,44.04,4
10-Nov-19,9.16,4.68,6.58,0.01
11-Nov-19,3.07,2.64,2.21,0.1
12-Nov-19,0.26,0.17,0,0.12
13-Nov-19,0,0,0,0
14-Nov-19,0,0,0,0
15-Nov-19,0.09,0,0.36,2.54
16-Nov-19,1.36,1.75,1.74,4.8
17-Nov-19,0.46,1.51,0.06,1.3
18-Nov-19,0,0,0,0
19-Nov-19,0.03,0,0,0
20-Nov-19,0,0,0,0
21-Nov-19,3.65,2.89,4.89,0.47
22-Nov-19,0.02,0.02,0,0
23-Nov-19,0.04,0,0.06,0.15
24-Nov-19,0,0,0,0
25-Nov-19,0.46,0,0,0
26-Nov-19,0,0,0,0
27-Nov-19,0.51,0.16,0.27,0
28-Nov-19,0.12,0,0.01,0
29-Nov-19,0.03,0,0,0
30-Nov-19,0.08,0,0.01,1.36
01-Dec-19,0.58,0.55,0.3,2.23
02-Dec-19,12.62,24.32,4.45,18.54
03-Dec-19,0.54,2.87,0.86,4.96
04-Dec-19,0.08,0,0.4,0.01
05-Dec-19,0,0,0,0
06-Dec-19,0,0,0,0
07-Dec-19,0,0,0,0
08-Dec-19,0,0,0.03,0
09-Dec-19,0,0,0,0.02
10-Dec-19,0,0,0,0
11-Dec-19,0,0,0,0
12-Dec-19,0,0,0,0
13-Dec-19,0,0,0,0
14-Dec-19,0.02,0,0,0
15-Dec-19,1.2,0.25,1.48,1.25
16-Dec-19,0.01,0,0,0
17-Dec-19,0,0,0,0
18-Dec-19,0,0,0,0
19-Dec-19,0,0,0,0
20-Dec-19,0,0,0,0
21-Dec-19,0,0,0,0
22-Dec-19,0,0,0,0
23-Dec-19,0,0,0,0
24-Dec-19,0,0,0,0
25-Dec-19,0,0,0,0
26-Dec-19,0,0,0,0
27-Dec-19,0.07,0.17,0,0.72
28-Dec-19,0.12,3.57,0,0.03
29-Dec-19,0,0,0,0
30-Dec-19,0,0.01,0,0.22
31-Dec-19,0,0,0,0
01-Jan-20,0,0.02,0,0.12
02-Jan-20,0.01,0.03,0,0
03-Jan-20,0.12,0,0,0
04-Jan-20,0,0,0,0
05-Jan-20,0,0,0,0
06-Jan-20,0,0,0.02,0
07-Jan-20,0,0,0,0
08-Jan-20,0,0,0,0
09-Jan-20,0,0,0,0
10-Jan-20,0,0,0,0
11-Jan-20,0,0,0,0
12-Jan-20,0,0,0,0
13-Jan-20,0,0,0,0
14-Jan-20,0,0,0,0
15-Jan-20,0,0,0,0
16-Jan-20,0,0,0,0
17-Jan-20,0,0,0,0
18-Jan-20,0,0,0,0
19-Jan-20,0,0,0,0
20-Jan-20,0,0,0,0
21-Jan-20,0,0,0,0
22-Jan-20,0,0,0,0
23-Jan-20,0,0,0,0
24-Jan-20,0,0,0,0
25-Jan-20,0,0,0,0
26-Jan-20,0,0,0,0
27-Jan-20,0,0,0,0
28-Jan-20,0,0,0,0
29-Jan-20,0,0,0,0
30-Jan-20,0,0,0,0
31-Jan-20,0,0,0,0
01-Feb-20,0,0,0,0
02-Feb-20,0,0,0,0
03-Feb-20,0,0,0,0
04-Feb-20,0,0,0,0
05-Feb-20,0,0,0,0
06-Feb-20,0,0,0,0
07-Feb-20,0,0,0,0
08-Feb-20,0,0,0,0
09-Feb-20,0,0,0,0
10-Feb-20,0,0,0,0
11-Feb-20,0,0,0,0
12-Feb-20,0,0,0,0
13-Feb-20,0,0,0,0
14-Feb-20,0,0,0,0
15-Feb-20,0,0,0,0
16-Feb-20,0,0,0,0
17-Feb-20,0,0,0,0
18-Feb-20,0,0,0,0
19-Feb-20,0,0,0,0
20-Feb-20,0,0,0,0
21-Feb-20,0,0,0,0
22-Feb-20,0,0,0,0
23-Feb-20,0,0,0,0
24-Feb-20,0,0,0,0
25-Feb-20,0,0,0,0
26-Feb-20,0,0,0,0
27-Feb-20,0,0,0,0
28-Feb-20,0,0,0,0
29-Feb-20,3.53,0.93,0,0
01-Mar-20,3.43,1.47,0.24,0.09
02-Mar-20,4.6,0.15,6.24,1.68
03-Mar-20,1.19,6.22,0.24,0.64
04-Mar-20,0.3,1.82,0.03,1.45
05-Mar-20,0.02,0,0.02,0
06-Mar-20,0,0,0,0
07-Mar-20,0.18,0,0.04,0
08-Mar-20,0,0,0,0
09-Mar-20,0,0,0,0
10-Mar-20,0.06,0.07,0,0
11-Mar-20,0,0,0,0.01
12-Mar-20,0,0,0,0
13-Mar-20,0,0,0,0
14-Mar-20,0,0,0,0
15-Mar-20,0,0,0,0
16-Mar-20,0,0,0,0
17-Mar-20,0.06,0,0,0
18-Mar-20,0,0,0,0
19-Mar-20,0,0,0,0.14
20-Mar-20,0.07,0,0.07,1.2
21-Mar-20,4.34,0.6,3.11,0.19
22-Mar-20,0,0,0,0
23-Mar-20,0,0,0,0
24-Mar-20,1.65,0.71,2.7,0.6
25-Mar-20,1.05,3.51,0.05,2.1
26-Mar-20,0.07,3.22,0,0
27-Mar-20,0,0,0,0
28-Mar-20,0,0,0,0
29-Mar-20,0,0,0,0
30-Mar-20,0,0,0,0
31-Mar-20,0,0.15,0,0
01-Apr-20,0,0,0,0
02-Apr-20,0,0,0,0
03-Apr-20,0,0,0,0
04-Apr-20,0,0,0,0
05-Apr-20,0,0,0,0
06-Apr-20,3.87,7.06,2.15,12.55
07-Apr-20,9.42,11.63,16.44,9.03
08-Apr-20,0.47,0,0.81,5.01
09-Apr-20,2.23,7.62,1.33,0.78
10-Apr-20,11.11,3.4,15.48,2.6
11-Apr-20,0.06,1.08,2.13,1
12-Apr-20,0,0,0,0.14
13-Apr-20,0,0,0,0
14-Apr-20,0,0,0,0
15-Apr-20,0,0,0,0
16-Apr-20,0.08,0.13,0,0
17-Apr-20,0.03,0.09,0,0.21
18-Apr-20,0.01,0.23,0.01,0.88
19-Apr-20,0.44,0.89,4.51,1.46
20-Apr-20,0.28,0,0,0
21-Apr-20,0,0,0,0.02
22-Apr-20,0,0.5,0,0
23-Apr-20,1.33,5.65,4.68,2.81
24-Apr-20,10.67,23.93,11.81,7.7
25-Apr-20,0.34,1.15,0.01,2.51
26-Apr-20,1.53,3.19,0.43,9.38
27-Apr-20,3.25,8.29,0.06,2.3
28-Apr-20,1.11,0.57,1,0.43
29-Apr-20,8.94,3.03,25.77,5.27
30-Apr-20,5.19,0,3.78,0.04
01-May-20,0.22,0.25,0.5,0.04
02-May-20,3.39,7.92,3.36,7.11
03-May-20,3.71,8.39,9.89,4.84
04-May-20,1.1,4.58,2.06,5.63
05-May-20,0.25,0.35,1,2.98
06-May-20,0.5,3.88,0.06,13.91
07-May-20,0.33,2.58,0,1.36
08-May-20,7.72,12.84,10.3,7.02
09-May-20,0.48,0,5.01,0.81
10-May-20,,,,
11-May-20,,,,
12-May-20,,,,
13-May-20,0.04,1.78,0,0.12
14-May-20,2.91,4.9,1.82,10.13
15-May-20,1.97,16.43,0.14,3.83
16-May-20,8.13,16.88,0.88,6.89
17-May-20,0.01,0.09,0.26,0.02
18-May-20,24.2,24.83,30.4,24.18
19-May-20,0.07,3.92,0,0.2
20-May-20,5.55,2.96,0.17,0.03
21-May-20,0,0.12,0,0.18
22-May-20,0.95,1.63,1.22,7.15
23-May-20,5.99,7.04,18.36,7.6
24-May-20,0.28,1.74,1.57,6.69
25-May-20,10.48,4.14,20.35,11.41
26-May-20,9.75,3.01,8.26,9.06
27-May-20,6.03,3.03,6.78,2.94
28-May-20,6.84,5.3,9.81,4.14
29-May-20,13.35,1.54,9.74,0.38
30-May-20,28.41,16.22,14.81,16.29
31-May-20,0.75,2.33,2.85,7.64
01-Jun-20,0.8,1.82,1.34,6.74
02-Jun-20,3.99,3.77,4.38,0.96
03-Jun-20,1.3,14.43,0.02,2.92
04-Jun-20,1.68,23.49,0.15,5.68
05-Jun-20,0.14,3.48,0.53,0.69
06-Jun-20,0.18,1.37,1.14,0.72
07-Jun-20,4.12,14.51,15.16,3.2
08-Jun-20,1.8,12.15,3.6,1.09
09-Jun-20,0.35,0.82,6.09,1.53
10-Jun-20,0.31,4.5,0.94,1.38
11-Jun-20,5.33,10.86,10.62,20.93
12-Jun-20,1.25,7.88,4.97,5.58
13-Jun-20,0.18,2.29,0.1,2.72
14-Jun-20,6.52,20.65,1.72,6.9
15-Jun-20,6.41,13.19,0.73,5.21
16-Jun-20,1.6,9.36,0.17,1.16
17-Jun-20,1.3,16.02,0.25,1.47
18-Jun-20,6.15,26.43,2.19,4.73
19-Jun-20,0.7,6.63,0.62,5.36
20-Jun-20,0.57,1.9,0.37,2.61
21-Jun-20,0.4,3.54,0.87,1.23
22-Jun-20,4.04,14.27,3.31,12.88
23-Jun-20,0.11,3.44,0.63,0.56
24-Jun-20,0.7,1.12,1.48,2.1
25-Jun-20,7.2,4.02,10.15,6.06
26-Jun-20,3.92,1.45,23.13,23.35
27-Jun-20,4.89,1.66,3.85,1.45
28-Jun-20,1.62,3,0.47,1.29
29-Jun-20,12.1,13.86,5.03,13.42
30-Jun-20,5.34,20.4,12.11,27.81
01-Jul-20,0.21,2.57,0.28,0.32
02-Jul-20,1.29,6.82,0,0.76
03-Jul-20,5.49,21.02,7.13,8.74
04-Jul-20,12.45,21.19,12.11,5.69
05-Jul-20,2.65,13.77,0.23,4.27
06-Jul-20,4.46,18.21,5.29,3.04
07-Jul-20,3.78,21.86,0.75,6.71
08-Jul-20,3.48,19.36,5.84,6.27
09-Jul-20,7.85,11.42,18.31,5.46
10-Jul-20,6.2,7.98,7.86,4.95
11-Jul-20,0.83,1.29,0.11,0.2
12-Jul-20,4.86,6.67,0.03,0.44
13-Jul-20,0.29,3.41,0.15,0.79
14-Jul-20,,,,
15-Jul-20,,,,
16-Jul-20,,,,
17-Jul-20,,,,
18-Jul-20,,,,
19-Jul-20,,,,
20-Jul-20,,,,
21-Jul-20,,,,
22-Jul-20,,,,
23-Jul-20,,,,
24-Jul-20,,,,
25-Jul-20,,,,
26-Jul-20,,,,
27-Jul-20,,,,
28-Jul-20,,,,
29-Jul-20,9.6,1.75,16.32,4.08
30-Jul-20,15.42,21.14,2.2,12.32
31-Jul-20,0.71,2.83,1.56,6.71
01-Aug-20,4.67,10.39,2.38,5.02
02-Aug-20,1,8.74,1.87,1.82
03-Aug-20,11.88,25.44,5.87,10.81
04-Aug-20,6.74,50.83,10.31,16.4
05-Aug-20,17.3,72.21,15.15,29.3
06-Aug-20,18.51,91.69,15.13,30.06
07-Aug-20,23.23,97.88,14.94,24.98
08-Aug-20,11.24,63.47,12.13,13.6
09-Aug-20,7.72,36.74,11.21,8.76
10-Aug-20,4.58,14.59,14.67,3.19
11-Aug-20,1.74,11.5,3.02,2.42
12-Aug-20,8.43,21.33,5.88,6.21
13-Aug-20,0.23,2.74,1.09,0.96
14-Aug-20,0.2,2.05,0.63,0.63
15-Aug-20,0.69,10.25,0.79,4.32
16-Aug-20,0.44,5.54,0.46,3.63
17-Aug-20,1.04,6.8,11.39,7.64
18-Aug-20,6.34,13.02,12.16,5.9
19-Aug-20,1.41,12.23,0.48,1.88
20-Aug-20,0.06,2.09,0.53,2.57
21-Aug-20,0.93,7.37,0.57,1.83
22-Aug-20,0.09,5.85,0,1.94
23-Aug-20,5.15,4.49,2.45,1.14
24-Aug-20,2.9,1.88,2.25,0.41
25-Aug-20,0.29,0.69,4.01,1.02
26-Aug-20,0.04,0,0,0
27-Aug-20,0.06,0,0,0
28-Aug-20,0,0.29,0,0
29-Aug-20,0.01,0,0,0.01
30-Aug-20,0.1,3.4,0.04,0.74
31-Aug-20,1.68,0.68,6.6,0.12
01-Sep-20,28.04,11.56,31.39,10.52
02-Sep-20,19.74,19.29,18.89,30.39
03-Sep-20,18.13,21.93,26.24,26.66
04-Sep-20,4.32,7.69,5.09,12.26
05-Sep-20,5.95,5.8,4.66,20.82
06-Sep-20,0.79,2.1,1.71,4.51
07-Sep-20,12,19.78,5.54,10.28
08-Sep-20,1.48,5.29,2.5,3.34
09-Sep-20,0.52,4.83,3.29,4.31
10-Sep-20,13.7,14.95,17.84,10.04
11-Sep-20,0.84,13.35,1.86,0.96
12-Sep-20,3.08,19.13,2.35,3.03
13-Sep-20,1.95,20.73,6.56,3.95
14-Sep-20,8.39,11.67,4.6,4.62
15-Sep-20,0.44,2.26,0.37,1.02
16-Sep-20,2.98,6.87,0.66,0.57
17-Sep-20,0.42,2.01,0.24,1.6
18-Sep-20,4.34,13.47,2.88,2.8
19-Sep-20,1.22,12.12,0.71,0.83
20-Sep-20,9.47,42.15,14.78,10.95
21-Sep-20,9.73,38.36,11,11.34
22-Sep-20,3.38,31.68,2.46,8.99
23-Sep-20,0.53,4.32,2.42,3.59
24-Sep-20,0.09,0.93,0.1,0.98
25-Sep-20,0.12,0.92,0.13,0.13
26-Sep-20,0.78,5.81,1.08,0.41
27-Sep-20,1.03,12.76,0.27,0.28
28-Sep-20,0.01,0.52,0.89,0
29-Sep-20,2.5,6.4,3.84,4.8
30-Sep-20,8.05,2.68,29.49,1.81
01-Oct-20,4.33,0.98,5.74,0.99
02-Oct-20,0,0.01,0,0
03-Oct-20,5.15,2.46,4.81,7.59
04-Oct-20,1.28,0.06,8.51,0.41
05-Oct-20,0.34,0.91,0.37,0.36
06-Oct-20,3.41,0.9,3.21,5.45
07-Oct-20,13.39,6.78,9.32,6.42
08-Oct-20,9.13,4.31,2.14,3.17
09-Oct-20,13.47,7.16,23.76,1.59
10-Oct-20,23.69,11.45,26.68,29.09
11-Oct-20,4.28,12.24,8.97,25.17
12-Oct-20,0.3,6.67,0.87,2.36
13-Oct-20,3.3,13.9,1.21,5.81
14-Oct-20,0.43,14.01,9.26,11.85
15-Oct-20,1.22,18.89,0.92,12.05
16-Oct-20,0.14,9.55,0.47,2.02
17-Oct-20,0,0,0,0
18-Oct-20,1.4,2.17,0.19,0.59
19-Oct-20,12.25,12.08,7.2,18.69
20-Oct-20,3.66,1.49,6.13,1.11
21-Oct-20,3.77,2.36,19.48,13.6
22-Oct-20,4.35,10.75,13.09,11.13
23-Oct-20,1.07,4.34,2.17,13.14
24-Oct-20,0.8,4.11,9.91,17.92
25-Oct-20,0.01,0,1.36,0.64
26-Oct-20,0.1,0.36,1.1,3.27
27-Oct-20,0.36,0.25,0,0
28-Oct-20,0.03,0.39,0,0
29-Oct-20,0.02,0,0,0
30-Oct-20,0.07,0.03,0,0
31-Oct-20,0,0,0,0
01-Nov-20,0.34,0,0.48,0.12
02-Nov-20,1.68,1.47,0.06,0.36
03-Nov-20,5.69,6.8,1.21,1.12
04-Nov-20,0.07,1.51,0,0.18
05-Nov-20,0.89,0.37,1.61,0.33
06-Nov-20,17.2,10.9,21.36,9.76
07-Nov-20,0.25,0.07,0.3,0.29
08-Nov-20,0.22,0,0.1,0.11
09-Nov-20,0.05,0.05,0,0
10-Nov-20,0,0,0,0
11-Nov-20,0,0,0,0
12-Nov-20,0,0,0,0
13-Nov-20,0.93,0,0.11,0
14-Nov-20,4.44,3.58,7.15,7.72
15-Nov-20,0.01,0,0,0
16-Nov-20,3.21,0.62,5.65,1.06
17-Nov-20,10.8,2.21,8.68,2.21
18-Nov-20,1.05,0.07,0.77,0.89
19-Nov-20,0.5,0,0,0
20-Nov-20,0.03,0,0,0
21-Nov-20,0,0,0,0
22-Nov-20,0,0,0,0
23-Nov-20,0,0,0,0
24-Nov-20,0,0,0,0
25-Nov-20,0,0,0,0
26-Nov-20,1.51,0,1.62,0.02
27-Nov-20,0.26,0,0.43,0
28-Nov-20,0.01,1.35,0,0
29-Nov-20,0.37,0.1,0.01,0
30-Nov-20,0.18,0,0.06,0
01-Dec-20,0,0,0,0
02-Dec-20,0,0,0,0
03-Dec-20,0.01,0,0,0
04-Dec-20,0.62,0.16,0.73,0.05
05-Dec-20,1.8,0.31,3.19,0.01
06-Dec-20,4.67,1.78,1.21,1.22
07-Dec-20,1.36,0,3.32,0.16
08-Dec-20,3.75,0.96,5.15,6.35
09-Dec-20,7.33,5.3,6.48,9.45
10-Dec-20,0,0.07,0.01,0
11-Dec-20,0,0.09,0,0
12-Dec-20,0,0,0,0
13-Dec-20,0,0,0,0
14-Dec-20,0,0.03,0,0
15-Dec-20,0,0,0,0
16-Dec-20,0,0,0,0
